customer_id,customer_city,customer_state,signup_date
CUST_00001,Curitiba,SC,2022-02-14
CUST_00002,Rio de Janeiro,BA,2023-01-22
CUST_00003,Rio de Janeiro,PE,2022-11-24
CUST_00004,Belo Horizonte,PE,2022-08-08
CUST_00005,Porto Alegre,BA,2022-08-05
CUST_00006,Rio de Janeiro,MG,2023-03-06
CUST_00007,Florianopolis,RS,2022-02-12
CUST_00008,Curitiba,PR,2022-12-15
CUST_00009,Florianopolis,BA,2022-04-11
CUST_00010,Porto Alegre,SC,2022-02-17
CUST_00011,Belo Horizonte,MG,2022-09-21
CUST_00012,Rio de Janeiro,RS,2023-05-03
CUST_00013,Salvador,SP,2023-01-03
CUST_00014,Belo Horizonte,BA,2023-01-16
CUST_00015,Rio de Janeiro,PR,2022-12-25
CUST_00016,Florianopolis,PR,2023-01-29
CUST_00017,Curitiba,RS,2022-09-14
CUST_00018,Sao Paulo,RJ,2022-03-06
CUST_00019,Curitiba,RS,2023-02-24
CUST_00020,Curitiba,BA,2022-08-14
CUST_00021,Florianopolis,MG,2022-09-08
CUST_00022,Porto Alegre,RJ,2022-07-05
CUST_00023,Rio de Janeiro,PR,2022-04-02
CUST_00024,Rio de Janeiro,RJ,2023-04-09
CUST_00025,Porto Alegre,MG,2023-01-26
CUST_00026,Sao Paulo,BA,2022-11-18
CUST_00027,Belo Horizonte,SP,2022-07-21
CUST_00028,Sao Paulo,BA,2023-02-16
CUST_00029,Sao Paulo,RJ,2022-09-30
CUST_00030,Florianopolis,PE,2022-08-10
CUST_00031,Sao Paulo,BA,2022-08-14
CUST_00032,Sao Paulo,MG,2022-04-24
CUST_00033,Florianopolis,RS,2022-02-16
CUST_00034,Rio de Janeiro,SP,2022-10-05
CUST_00035,Salvador,SP,2023-03-20
CUST_00036,Sao Paulo,PE,2022-02-01
CUST_00037,Rio de Janeiro,SC,2023-03-06
CUST_00038,Sao Paulo,RJ,2023-02-18
CUST_00039,Porto Alegre,MG,2022-05-19
CUST_00040,Porto Alegre,RJ,2022-11-12
CUST_00041,Curitiba,PR,2022-03-24
CUST_00042,Rio de Janeiro,MG,2023-01-15
CUST_00043,Sao Paulo,MG,2022-12-17
CUST_00044,Curitiba,RS,2022-06-27
CUST_00045,Rio de Janeiro,RJ,2022-02-03
CUST_00046,Porto Alegre,PE,2023-05-01
CUST_00047,Porto Alegre,BA,2022-08-11
CUST_00048,Salvador,SC,2023-03-23
CUST_00049,Curitiba,RJ,2022-12-05
CUST_00050,Sao Paulo,BA,2023-01-25
CUST_00051,Rio de Janeiro,SC,2023-01-15
CUST_00052,Salvador,RJ,2022-04-08
CUST_00053,Curitiba,SC,2022-07-01
CUST_00054,Porto Alegre,MG,2022-08-22
CUST_00055,Curitiba,SC,2022-09-06
CUST_00056,Rio de Janeiro,PR,2022-01-22
CUST_00057,Florianopolis,SC,2022-10-01
CUST_00058,Salvador,RJ,2022-03-19
CUST_00059,Florianopolis,PR,2023-01-07
CUST_00060,Salvador,MG,2022-12-08
CUST_00061,Belo Horizonte,RJ,2023-04-07
CUST_00062,Rio de Janeiro,MG,2023-01-08
CUST_00063,Rio de Janeiro,PR,2022-07-03
CUST_00064,Florianopolis,RJ,2023-04-29
CUST_00065,Curitiba,BA,2022-07-25
CUST_00066,Curitiba,RS,2022-06-12
CUST_00067,Florianopolis,SC,2023-03-29
CUST_00068,Porto Alegre,BA,2022-07-05
CUST_00069,Florianopolis,RJ,2022-02-08
CUST_00070,Florianopolis,SP,2022-08-23
CUST_00071,Sao Paulo,PR,2023-02-02
CUST_00072,Belo Horizonte,PR,2022-04-05
CUST_00073,Salvador,RJ,2022-08-20
CUST_00074,Salvador,SC,2022-03-06
CUST_00075,Rio de Janeiro,RS,2022-12-10
CUST_00076,Belo Horizonte,BA,2022-08-26
CUST_00077,Curitiba,SP,2022-06-15
CUST_00078,Salvador,SC,2022-04-24
CUST_00079,Sao Paulo,RJ,2022-10-10
CUST_00080,Porto Alegre,PR,2022-12-01
CUST_00081,Belo Horizonte,PR,2023-04-16
CUST_00082,Rio de Janeiro,SC,2022-08-07
CUST_00083,Curitiba,MG,2022-03-22
CUST_00084,Belo Horizonte,RJ,2023-02-21
CUST_00085,Porto Alegre,MG,2022-11-11
CUST_00086,Belo Horizonte,MG,2022-12-17
CUST_00087,Salvador,RJ,2022-02-18
CUST_00088,Sao Paulo,RJ,2022-06-06
CUST_00089,Florianopolis,RJ,2023-01-19
CUST_00090,Sao Paulo,PR,2023-02-21
CUST_00091,Salvador,MG,2022-08-06
CUST_00092,Belo Horizonte,PR,2023-02-07
CUST_00093,Belo Horizonte,BA,2023-02-25
CUST_00094,Sao Paulo,RJ,2022-07-13
CUST_00095,Porto Alegre,PE,2023-03-26
CUST_00096,Rio de Janeiro,SC,2022-05-25
CUST_00097,Porto Alegre,RJ,2022-04-30
CUST_00098,Salvador,MG,2022-12-08
CUST_00099,Salvador,RJ,2022-11-15
CUST_00100,Porto Alegre,MG,2022-03-11
CUST_00101,Belo Horizonte,MG,2023-02-21
CUST_00102,Salvador,RJ,2022-04-10
CUST_00103,Salvador,SP,2023-02-07
CUST_00104,Belo Horizonte,PR,2022-01-04
CUST_00105,Sao Paulo,BA,2023-02-03
CUST_00106,Florianopolis,MG,2023-01-29
CUST_00107,Rio de Janeiro,SC,2023-01-26
CUST_00108,Porto Alegre,MG,2022-11-29
CUST_00109,Rio de Janeiro,PE,2022-08-24
CUST_00110,Sao Paulo,RJ,2022-12-19
CUST_00111,Salvador,RS,2022-05-19
CUST_00112,Rio de Janeiro,SC,2023-01-26
CUST_00113,Porto Alegre,SP,2022-10-05
CUST_00114,Porto Alegre,PE,2022-08-18
CUST_00115,Sao Paulo,MG,2022-09-10
CUST_00116,Rio de Janeiro,PR,2022-10-12
CUST_00117,Salvador,BA,2022-01-19
CUST_00118,Curitiba,BA,2022-03-11
CUST_00119,Sao Paulo,SP,2022-05-03
CUST_00120,Florianopolis,SC,2022-02-27
CUST_00121,Rio de Janeiro,RS,2022-08-08
CUST_00122,Sao Paulo,PE,2022-12-01
CUST_00123,Florianopolis,PR,2022-11-24
CUST_00124,Sao Paulo,RS,2022-08-24
CUST_00125,Curitiba,PR,2023-03-04
CUST_00126,Florianopolis,PE,2022-10-10
CUST_00127,Porto Alegre,SC,2022-02-09
CUST_00128,Porto Alegre,PE,2023-01-18
CUST_00129,Belo Horizonte,RS,2022-10-15
CUST_00130,Sao Paulo,SC,2022-11-14
CUST_00131,Porto Alegre,MG,2022-10-10
CUST_00132,Florianopolis,PR,2022-10-04
CUST_00133,Sao Paulo,SC,2022-02-15
CUST_00134,Florianopolis,SP,2022-10-07
CUST_00135,Belo Horizonte,BA,2023-02-02
CUST_00136,Curitiba,SP,2022-06-01
CUST_00137,Rio de Janeiro,RS,2022-10-29
CUST_00138,Porto Alegre,PR,2022-01-16
CUST_00139,Rio de Janeiro,PR,2022-06-23
CUST_00140,Rio de Janeiro,PR,2022-08-07
CUST_00141,Salvador,PR,2023-05-07
CUST_00142,Sao Paulo,PR,2022-04-18
CUST_00143,Curitiba,PR,2022-05-19
CUST_00144,Porto Alegre,RS,2022-07-24
CUST_00145,Sao Paulo,SC,2023-05-12
CUST_00146,Belo Horizonte,RS,2023-03-03
CUST_00147,Belo Horizonte,BA,2022-01-18
CUST_00148,Porto Alegre,SC,2022-04-27
CUST_00149,Florianopolis,PE,2023-02-15
CUST_00150,Salvador,SP,2022-01-30
CUST_00151,Rio de Janeiro,BA,2023-03-04
CUST_00152,Sao Paulo,RJ,2022-05-21
CUST_00153,Sao Paulo,RJ,2023-04-04
CUST_00154,Porto Alegre,SC,2022-05-27
CUST_00155,Rio de Janeiro,SP,2022-08-06
CUST_00156,Rio de Janeiro,SC,2022-11-27
CUST_00157,Salvador,SC,2022-03-05
CUST_00158,Florianopolis,PE,2022-10-06
CUST_00159,Salvador,BA,2022-09-10
CUST_00160,Rio de Janeiro,SC,2023-01-27
CUST_00161,Porto Alegre,SP,2023-05-14
CUST_00162,Porto Alegre,PE,2022-11-29
CUST_00163,Rio de Janeiro,RJ,2022-07-24
CUST_00164,Curitiba,MG,2022-07-23
CUST_00165,Curitiba,RJ,2022-07-28
CUST_00166,Belo Horizonte,PR,2023-02-12
CUST_00167,Salvador,BA,2022-06-10
CUST_00168,Porto Alegre,MG,2022-03-25
CUST_00169,Curitiba,SC,2022-06-17
CUST_00170,Salvador,RS,2022-01-12
CUST_00171,Salvador,BA,2022-02-23
CUST_00172,Curitiba,PE,2022-02-15
CUST_00173,Rio de Janeiro,PR,2023-01-21
CUST_00174,Salvador,MG,2022-12-28
CUST_00175,Salvador,PE,2022-12-15
CUST_00176,Florianopolis,RS,2022-08-19
CUST_00177,Rio de Janeiro,RS,2022-12-25
CUST_00178,Belo Horizonte,MG,2022-03-22
CUST_00179,Florianopolis,RJ,2023-03-27
CUST_00180,Curitiba,RJ,2022-09-08
CUST_00181,Florianopolis,RJ,2023-04-15
CUST_00182,Sao Paulo,RJ,2022-03-18
CUST_00183,Sao Paulo,BA,2022-09-06
CUST_00184,Salvador,SP,2022-12-15
CUST_00185,Belo Horizonte,BA,2022-09-05
CUST_00186,Curitiba,PE,2022-08-12
CUST_00187,Belo Horizonte,SC,2022-03-25
CUST_00188,Belo Horizonte,PR,2022-07-10
CUST_00189,Florianopolis,SP,2022-04-30
CUST_00190,Sao Paulo,SC,2022-05-31
CUST_00191,Salvador,SP,2022-12-08
CUST_00192,Florianopolis,BA,2022-11-12
CUST_00193,Porto Alegre,BA,2022-10-31
CUST_00194,Belo Horizonte,RJ,2022-06-30
CUST_00195,Rio de Janeiro,BA,2023-04-25
CUST_00196,Porto Alegre,RJ,2022-02-13
CUST_00197,Curitiba,RJ,2022-06-21
CUST_00198,Rio de Janeiro,SC,2022-03-01
CUST_00199,Belo Horizonte,PE,2022-06-19
CUST_00200,Florianopolis,MG,2023-04-26
CUST_00201,Rio de Janeiro,PE,2022-07-03
CUST_00202,Rio de Janeiro,PE,2023-03-31
CUST_00203,Porto Alegre,SC,2022-09-05
CUST_00204,Rio de Janeiro,RJ,2022-12-16
CUST_00205,Florianopolis,MG,2022-08-17
CUST_00206,Florianopolis,BA,2022-05-13
CUST_00207,Florianopolis,PE,2023-01-18
CUST_00208,Florianopolis,SC,2023-04-30
CUST_00209,Rio de Janeiro,PR,2022-05-12
CUST_00210,Rio de Janeiro,RJ,2023-01-25
CUST_00211,Belo Horizonte,PE,2022-05-11
CUST_00212,Curitiba,MG,2022-12-25
CUST_00213,Florianopolis,MG,2023-01-30
CUST_00214,Salvador,PE,2022-08-13
CUST_00215,Porto Alegre,RS,2023-01-04
CUST_00216,Florianopolis,MG,2022-05-17
CUST_00217,Porto Alegre,SP,2022-02-09
CUST_00218,Belo Horizonte,PR,2022-02-18
CUST_00219,Belo Horizonte,PE,2022-08-12
CUST_00220,Curitiba,PR,2023-03-28
CUST_00221,Sao Paulo,BA,2022-03-05
CUST_00222,Salvador,MG,2022-08-16
CUST_00223,Porto Alegre,SC,2022-12-19
CUST_00224,Salvador,SC,2022-04-12
CUST_00225,Curitiba,RS,2022-12-27
CUST_00226,Salvador,SC,2022-06-02
CUST_00227,Florianopolis,RS,2023-02-09
CUST_00228,Curitiba,PR,2022-10-17
CUST_00229,Curitiba,BA,2022-10-01
CUST_00230,Sao Paulo,SC,2022-03-30
CUST_00231,Salvador,SC,2022-08-20
CUST_00232,Florianopolis,RJ,2023-03-05
CUST_00233,Porto Alegre,BA,2022-01-10
CUST_00234,Florianopolis,SP,2023-01-15
CUST_00235,Florianopolis,RS,2022-09-04
CUST_00236,Salvador,RS,2022-12-26
CUST_00237,Curitiba,MG,2022-11-28
CUST_00238,Sao Paulo,PE,2022-08-05
CUST_00239,Sao Paulo,PE,2022-06-04
CUST_00240,Rio de Janeiro,SP,2022-11-10
CUST_00241,Curitiba,RJ,2022-03-12
CUST_00242,Salvador,RJ,2022-10-20
CUST_00243,Curitiba,PE,2022-02-17
CUST_00244,Sao Paulo,RS,2022-11-21
CUST_00245,Rio de Janeiro,BA,2022-11-11
CUST_00246,Florianopolis,SC,2022-02-12
CUST_00247,Florianopolis,SC,2023-01-14
CUST_00248,Belo Horizonte,SP,2022-07-27
CUST_00249,Salvador,RJ,2023-01-29
CUST_00250,Salvador,PR,2022-01-21
CUST_00251,Florianopolis,MG,2022-03-31
CUST_00252,Florianopolis,BA,2022-09-04
CUST_00253,Porto Alegre,RJ,2022-04-05
CUST_00254,Belo Horizonte,MG,2022-06-14
CUST_00255,Porto Alegre,RJ,2022-11-27
CUST_00256,Belo Horizonte,RJ,2022-03-14
CUST_00257,Belo Horizonte,RJ,2022-12-05
CUST_00258,Porto Alegre,RJ,2022-02-21
CUST_00259,Curitiba,RS,2022-03-29
CUST_00260,Porto Alegre,PR,2022-10-21
CUST_00261,Belo Horizonte,PR,2023-02-01
CUST_00262,Belo Horizonte,PR,2022-03-27
CUST_00263,Sao Paulo,BA,2022-05-30
CUST_00264,Porto Alegre,SC,2023-04-08
CUST_00265,Porto Alegre,RS,2023-05-10
CUST_00266,Florianopolis,BA,2022-10-18
CUST_00267,Curitiba,BA,2022-08-12
CUST_00268,Curitiba,BA,2022-06-23
CUST_00269,Sao Paulo,RJ,2022-11-03
CUST_00270,Rio de Janeiro,PE,2022-10-23
CUST_00271,Belo Horizonte,RJ,2022-05-28
CUST_00272,Belo Horizonte,PR,2022-01-12
CUST_00273,Belo Horizonte,BA,2022-03-17
CUST_00274,Belo Horizonte,PR,2023-04-25
CUST_00275,Salvador,RJ,2022-07-29
CUST_00276,Sao Paulo,PE,2022-08-30
CUST_00277,Belo Horizonte,SP,2022-08-22
CUST_00278,Rio de Janeiro,RJ,2023-01-27
CUST_00279,Belo Horizonte,PE,2022-02-02
CUST_00280,Porto Alegre,BA,2022-02-11
CUST_00281,Sao Paulo,SP,2022-05-18
CUST_00282,Belo Horizonte,SC,2022-09-01
CUST_00283,Sao Paulo,PE,2022-12-02
CUST_00284,Florianopolis,SP,2022-09-03
CUST_00285,Salvador,PR,2022-08-09
CUST_00286,Rio de Janeiro,PR,2023-04-14
CUST_00287,Rio de Janeiro,RJ,2022-03-22
CUST_00288,Sao Paulo,RJ,2022-10-13
CUST_00289,Curitiba,RJ,2022-09-29
CUST_00290,Salvador,RJ,2022-08-25
CUST_00291,Porto Alegre,PR,2023-02-08
CUST_00292,Florianopolis,PR,2022-05-14
CUST_00293,Belo Horizonte,RJ,2023-04-22
CUST_00294,Rio de Janeiro,MG,2022-06-15
CUST_00295,Curitiba,RJ,2022-09-30
CUST_00296,Rio de Janeiro,SC,2022-09-18
CUST_00297,Florianopolis,RJ,2023-03-01
CUST_00298,Rio de Janeiro,PE,2022-08-08
CUST_00299,Curitiba,RS,2022-05-23
CUST_00300,Curitiba,SC,2022-01-11
CUST_00301,Sao Paulo,BA,2022-07-01
CUST_00302,Curitiba,MG,2023-02-18
CUST_00303,Curitiba,RS,2022-01-05
CUST_00304,Rio de Janeiro,MG,2023-03-25
CUST_00305,Sao Paulo,SP,2022-09-29
CUST_00306,Sao Paulo,MG,2022-03-12
CUST_00307,Sao Paulo,MG,2022-06-01
CUST_00308,Curitiba,RJ,2022-10-05
CUST_00309,Sao Paulo,SP,2022-06-07
CUST_00310,Florianopolis,PE,2022-02-24
CUST_00311,Rio de Janeiro,RS,2022-11-29
CUST_00312,Porto Alegre,PR,2022-12-03
CUST_00313,Porto Alegre,PE,2022-03-01
CUST_00314,Curitiba,RJ,2022-05-21
CUST_00315,Florianopolis,PR,2022-05-02
CUST_00316,Sao Paulo,SC,2022-11-26
CUST_00317,Rio de Janeiro,BA,2023-01-01
CUST_00318,Rio de Janeiro,PR,2022-12-30
CUST_00319,Sao Paulo,MG,2023-04-15
CUST_00320,Belo Horizonte,SP,2023-01-20
CUST_00321,Belo Horizonte,SP,2022-06-10
CUST_00322,Salvador,RJ,2022-02-23
CUST_00323,Belo Horizonte,SC,2022-11-04
CUST_00324,Florianopolis,BA,2023-04-04
CUST_00325,Salvador,PR,2023-05-03
CUST_00326,Florianopolis,SC,2022-04-26
CUST_00327,Sao Paulo,RJ,2022-04-29
CUST_00328,Florianopolis,RJ,2022-01-19
CUST_00329,Porto Alegre,PR,2022-03-12
CUST_00330,Florianopolis,PE,2022-10-05
CUST_00331,Belo Horizonte,RS,2022-10-01
CUST_00332,Florianopolis,SC,2022-07-05
CUST_00333,Porto Alegre,RJ,2022-06-04
CUST_00334,Sao Paulo,SC,2023-02-19
CUST_00335,Belo Horizonte,SP,2022-08-19
CUST_00336,Sao Paulo,RJ,2023-02-09
CUST_00337,Florianopolis,RS,2023-04-27
CUST_00338,Belo Horizonte,SP,2022-06-08
CUST_00339,Rio de Janeiro,SC,2022-04-12
CUST_00340,Curitiba,SC,2023-04-22
CUST_00341,Belo Horizonte,RS,2022-11-14
CUST_00342,Sao Paulo,MG,2022-05-26
CUST_00343,Salvador,SP,2022-11-07
CUST_00344,Salvador,RS,2022-09-15
CUST_00345,Salvador,RS,2023-03-29
CUST_00346,Porto Alegre,SC,2022-05-08
CUST_00347,Belo Horizonte,RS,2023-05-11
CUST_00348,Curitiba,RJ,2023-04-14
CUST_00349,Curitiba,SP,2022-04-01
CUST_00350,Rio de Janeiro,SC,2022-03-24
CUST_00351,Sao Paulo,RJ,2022-09-24
CUST_00352,Rio de Janeiro,PE,2022-01-23
CUST_00353,Curitiba,SP,2022-05-30
CUST_00354,Rio de Janeiro,BA,2022-08-06
CUST_00355,Sao Paulo,PE,2023-04-30
CUST_00356,Salvador,PR,2023-05-12
CUST_00357,Belo Horizonte,SP,2022-03-17
CUST_00358,Porto Alegre,PE,2023-03-22
CUST_00359,Curitiba,RJ,2022-02-15
CUST_00360,Salvador,RS,2023-01-10
CUST_00361,Salvador,PE,2023-02-27
CUST_00362,Belo Horizonte,BA,2023-03-22
CUST_00363,Salvador,SP,2022-04-22
CUST_00364,Belo Horizonte,SC,2023-03-23
CUST_00365,Salvador,RJ,2022-02-27
CUST_00366,Belo Horizonte,BA,2022-09-17
CUST_00367,Sao Paulo,RS,2022-08-23
CUST_00368,Salvador,MG,2022-06-07
CUST_00369,Sao Paulo,PR,2022-01-12
CUST_00370,Salvador,SP,2023-01-22
CUST_00371,Sao Paulo,PE,2022-06-17
CUST_00372,Rio de Janeiro,RJ,2022-11-27
CUST_00373,Porto Alegre,MG,2022-07-25
CUST_00374,Florianopolis,RS,2022-07-06
CUST_00375,Belo Horizonte,BA,2023-03-20
CUST_00376,Sao Paulo,RS,2022-02-17
CUST_00377,Rio de Janeiro,RS,2023-01-04
CUST_00378,Florianopolis,RS,2023-01-09
CUST_00379,Salvador,SC,2022-07-09
CUST_00380,Sao Paulo,PR,2022-05-12
CUST_00381,Belo Horizonte,SC,2022-01-03
CUST_00382,Rio de Janeiro,SC,2023-04-14
CUST_00383,Rio de Janeiro,PE,2023-04-19
CUST_00384,Salvador,PE,2022-05-01
CUST_00385,Porto Alegre,SC,2022-01-16
CUST_00386,Rio de Janeiro,RJ,2022-03-03
CUST_00387,Porto Alegre,SC,2022-02-03
CUST_00388,Belo Horizonte,BA,2023-02-20
CUST_00389,Sao Paulo,MG,2023-03-22
CUST_00390,Curitiba,BA,2022-03-18
CUST_00391,Rio de Janeiro,MG,2023-01-09
CUST_00392,Rio de Janeiro,RS,2022-03-31
CUST_00393,Florianopolis,SC,2022-07-03
CUST_00394,Porto Alegre,RJ,2022-10-27
CUST_00395,Sao Paulo,MG,2022-12-26
CUST_00396,Salvador,SC,2023-03-14
CUST_00397,Porto Alegre,PR,2022-01-23
CUST_00398,Florianopolis,PE,2022-04-09
CUST_00399,Salvador,SP,2022-05-21
CUST_00400,Belo Horizonte,BA,2022-06-05
CUST_00401,Curitiba,SC,2023-05-15
CUST_00402,Curitiba,PE,2023-01-24
CUST_00403,Salvador,RJ,2022-06-10
CUST_00404,Rio de Janeiro,PE,2023-05-01
CUST_00405,Belo Horizonte,PR,2022-09-07
CUST_00406,Rio de Janeiro,MG,2022-09-08
CUST_00407,Belo Horizonte,MG,2022-08-05
CUST_00408,Rio de Janeiro,BA,2022-03-13
CUST_00409,Sao Paulo,BA,2023-04-13
CUST_00410,Florianopolis,PR,2022-01-07
CUST_00411,Sao Paulo,SP,2022-03-29
CUST_00412,Florianopolis,PE,2022-04-25
CUST_00413,Sao Paulo,RJ,2022-05-20
CUST_00414,Salvador,SP,2022-03-07
CUST_00415,Belo Horizonte,RS,2022-01-09
CUST_00416,Curitiba,PR,2022-12-05
CUST_00417,Rio de Janeiro,RS,2023-04-30
CUST_00418,Curitiba,PE,2022-03-02
CUST_00419,Curitiba,SP,2022-05-29
CUST_00420,Curitiba,MG,2022-09-11
CUST_00421,Belo Horizonte,RS,2023-04-09
CUST_00422,Curitiba,SC,2022-12-14
CUST_00423,Salvador,RS,2023-01-19
CUST_00424,Curitiba,PR,2022-10-18
CUST_00425,Belo Horizonte,RS,2022-07-28
CUST_00426,Sao Paulo,PE,2022-04-10
CUST_00427,Belo Horizonte,PR,2023-03-09
CUST_00428,Sao Paulo,PE,2023-02-07
CUST_00429,Rio de Janeiro,SC,2022-01-13
CUST_00430,Florianopolis,MG,2022-12-24
CUST_00431,Sao Paulo,RJ,2022-02-12
CUST_00432,Curitiba,SC,2023-01-05
CUST_00433,Salvador,RJ,2023-02-17
CUST_00434,Florianopolis,MG,2022-03-07
CUST_00435,Rio de Janeiro,RJ,2022-08-05
CUST_00436,Rio de Janeiro,RS,2022-03-03
CUST_00437,Belo Horizonte,MG,2022-10-11
CUST_00438,Curitiba,BA,2023-04-09
CUST_00439,Florianopolis,PE,2022-02-10
CUST_00440,Rio de Janeiro,SC,2022-07-18
CUST_00441,Rio de Janeiro,PE,2023-05-02
CUST_00442,Rio de Janeiro,SP,2022-05-31
CUST_00443,Florianopolis,PR,2022-03-08
CUST_00444,Sao Paulo,RJ,2022-09-02
CUST_00445,Belo Horizonte,PE,2022-09-12
CUST_00446,Sao Paulo,BA,2022-11-28
CUST_00447,Rio de Janeiro,MG,2022-06-06
CUST_00448,Florianopolis,RS,2023-04-23
CUST_00449,Sao Paulo,RS,2022-09-18
CUST_00450,Belo Horizonte,PR,2022-05-24
CUST_00451,Florianopolis,PR,2023-04-26
CUST_00452,Porto Alegre,SP,2023-04-08
CUST_00453,Sao Paulo,PR,2022-09-07
CUST_00454,Curitiba,MG,2022-01-13
CUST_00455,Florianopolis,SC,2022-10-26
CUST_00456,Belo Horizonte,SC,2022-10-05
CUST_00457,Curitiba,SC,2022-03-16
CUST_00458,Curitiba,SP,2022-11-13
CUST_00459,Porto Alegre,SC,2023-02-25
CUST_00460,Rio de Janeiro,PR,2022-02-22
CUST_00461,Salvador,PR,2022-12-28
CUST_00462,Florianopolis,PE,2022-03-12
CUST_00463,Sao Paulo,SC,2023-01-10
CUST_00464,Salvador,SP,2022-07-29
CUST_00465,Salvador,MG,2022-01-04
CUST_00466,Salvador,BA,2023-04-29
CUST_00467,Belo Horizonte,RS,2022-03-24
CUST_00468,Curitiba,MG,2022-10-26
CUST_00469,Salvador,RS,2022-04-01
CUST_00470,Rio de Janeiro,SC,2023-04-12
CUST_00471,Salvador,RJ,2023-01-05
CUST_00472,Florianopolis,BA,2023-02-07
CUST_00473,Porto Alegre,BA,2022-08-05
CUST_00474,Belo Horizonte,PE,2022-08-22
CUST_00475,Curitiba,MG,2022-11-14
CUST_00476,Sao Paulo,RJ,2023-01-28
CUST_00477,Florianopolis,RS,2023-02-28
CUST_00478,Belo Horizonte,RS,2022-01-09
CUST_00479,Sao Paulo,PR,2022-11-28
CUST_00480,Salvador,SC,2022-02-24
CUST_00481,Porto Alegre,SC,2022-05-24
CUST_00482,Porto Alegre,RJ,2023-02-19
CUST_00483,Sao Paulo,SC,2022-05-06
CUST_00484,Salvador,RJ,2023-02-03
CUST_00485,Porto Alegre,PR,2022-08-20
CUST_00486,Salvador,SP,2022-04-27
CUST_00487,Salvador,MG,2022-06-17
CUST_00488,Rio de Janeiro,PE,2022-09-23
CUST_00489,Rio de Janeiro,PR,2023-01-18
CUST_00490,Florianopolis,BA,2022-10-31
CUST_00491,Curitiba,SP,2023-04-12
CUST_00492,Curitiba,BA,2023-03-10
CUST_00493,Belo Horizonte,MG,2023-01-12
CUST_00494,Porto Alegre,BA,2022-10-29
CUST_00495,Salvador,PE,2022-05-25
CUST_00496,Sao Paulo,RS,2022-07-26
CUST_00497,Curitiba,SP,2022-03-01
CUST_00498,Florianopolis,PR,2022-07-07
CUST_00499,Rio de Janeiro,SP,2023-04-09
CUST_00500,Rio de Janeiro,PR,2022-08-01
CUST_00501,Florianopolis,SP,2022-02-26
CUST_00502,Sao Paulo,BA,2022-11-22
CUST_00503,Belo Horizonte,MG,2023-04-27
CUST_00504,Curitiba,RJ,2023-03-10
CUST_00505,Salvador,SP,2022-05-18
CUST_00506,Sao Paulo,PE,2022-08-15
CUST_00507,Curitiba,SC,2022-09-23
CUST_00508,Rio de Janeiro,SC,2022-05-04
CUST_00509,Salvador,SP,2022-05-15
CUST_00510,Porto Alegre,MG,2022-04-29
CUST_00511,Curitiba,PE,2023-05-13
CUST_00512,Belo Horizonte,RS,2023-01-09
CUST_00513,Rio de Janeiro,RJ,2023-02-25
CUST_00514,Florianopolis,RJ,2023-02-13
CUST_00515,Porto Alegre,MG,2023-04-25
CUST_00516,Belo Horizonte,PE,2022-02-22
CUST_00517,Belo Horizonte,RJ,2023-03-17
CUST_00518,Salvador,PE,2022-02-03
CUST_00519,Salvador,BA,2022-08-26
CUST_00520,Curitiba,PE,2022-10-25
CUST_00521,Belo Horizonte,SC,2022-06-28
CUST_00522,Porto Alegre,MG,2022-03-15
CUST_00523,Porto Alegre,SC,2022-04-07
CUST_00524,Porto Alegre,RJ,2023-02-17
CUST_00525,Sao Paulo,MG,2022-06-09
CUST_00526,Curitiba,RJ,2022-06-05
CUST_00527,Porto Alegre,RJ,2023-04-07
CUST_00528,Florianopolis,SP,2022-03-13
CUST_00529,Curitiba,RJ,2023-04-03
CUST_00530,Belo Horizonte,SP,2023-04-06
CUST_00531,Curitiba,PR,2022-10-27
CUST_00532,Rio de Janeiro,SP,2022-03-24
CUST_00533,Sao Paulo,SP,2022-03-19
CUST_00534,Porto Alegre,PE,2022-05-23
CUST_00535,Florianopolis,SP,2022-10-16
CUST_00536,Salvador,SP,2022-03-18
CUST_00537,Porto Alegre,SP,2022-08-16
CUST_00538,Sao Paulo,RJ,2022-02-27
CUST_00539,Florianopolis,RS,2022-09-28
CUST_00540,Curitiba,SC,2022-01-11
CUST_00541,Belo Horizonte,BA,2022-12-21
CUST_00542,Florianopolis,RS,2022-01-28
CUST_00543,Salvador,SP,2022-04-08
CUST_00544,Salvador,SC,2022-03-29
CUST_00545,Rio de Janeiro,SP,2023-02-20
CUST_00546,Florianopolis,BA,2022-01-27
CUST_00547,Curitiba,PR,2022-08-03
CUST_00548,Curitiba,PE,2022-10-23
CUST_00549,Salvador,MG,2022-09-15
CUST_00550,Porto Alegre,BA,2022-12-07
CUST_00551,Rio de Janeiro,PR,2023-02-06
CUST_00552,Belo Horizonte,RS,2022-07-16
CUST_00553,Belo Horizonte,PE,2023-02-19
CUST_00554,Florianopolis,BA,2022-06-08
CUST_00555,Salvador,PR,2023-05-08
CUST_00556,Belo Horizonte,PR,2022-09-10
CUST_00557,Salvador,BA,2023-01-04
CUST_00558,Salvador,MG,2023-03-14
CUST_00559,Belo Horizonte,RJ,2023-02-01
CUST_00560,Belo Horizonte,PR,2023-03-02
CUST_00561,Florianopolis,SP,2022-09-26
CUST_00562,Curitiba,RJ,2022-01-22
CUST_00563,Rio de Janeiro,PR,2022-09-04
CUST_00564,Salvador,SC,2022-04-01
CUST_00565,Porto Alegre,SC,2023-03-21
CUST_00566,Curitiba,MG,2022-04-29
CUST_00567,Salvador,PR,2022-04-25
CUST_00568,Florianopolis,RJ,2022-05-05
CUST_00569,Belo Horizonte,SC,2022-11-18
CUST_00570,Belo Horizonte,RJ,2022-10-13
CUST_00571,Rio de Janeiro,SC,2023-04-20
CUST_00572,Porto Alegre,SC,2022-07-28
CUST_00573,Belo Horizonte,BA,2022-05-22
CUST_00574,Belo Horizonte,MG,2022-01-25
CUST_00575,Porto Alegre,PE,2022-01-04
CUST_00576,Belo Horizonte,BA,2022-07-06
CUST_00577,Curitiba,BA,2023-04-08
CUST_00578,Curitiba,SC,2022-09-19
CUST_00579,Rio de Janeiro,PE,2023-03-23
CUST_00580,Sao Paulo,SP,2022-02-20
CUST_00581,Salvador,PE,2022-02-16
CUST_00582,Sao Paulo,SC,2023-02-21
CUST_00583,Belo Horizonte,RJ,2022-02-23
CUST_00584,Porto Alegre,MG,2022-01-26
CUST_00585,Sao Paulo,SC,2022-07-22
CUST_00586,Porto Alegre,RJ,2023-04-08
CUST_00587,Salvador,PR,2022-12-11
CUST_00588,Porto Alegre,BA,2022-02-19
CUST_00589,Belo Horizonte,BA,2023-02-23
CUST_00590,Sao Paulo,PE,2023-02-26
CUST_00591,Florianopolis,SP,2023-02-05
CUST_00592,Belo Horizonte,MG,2023-03-28
CUST_00593,Salvador,PE,2022-04-30
CUST_00594,Rio de Janeiro,RS,2023-05-05
CUST_00595,Rio de Janeiro,RJ,2022-06-10
CUST_00596,Salvador,MG,2023-02-06
CUST_00597,Florianopolis,MG,2022-10-17
CUST_00598,Florianopolis,RS,2023-01-25
CUST_00599,Salvador,MG,2022-11-10
CUST_00600,Rio de Janeiro,RS,2022-11-18
CUST_00601,Florianopolis,PR,2022-11-05
CUST_00602,Porto Alegre,RS,2023-01-25
CUST_00603,Rio de Janeiro,RJ,2023-01-05
CUST_00604,Sao Paulo,RS,2022-03-09
CUST_00605,Florianopolis,PE,2023-02-18
CUST_00606,Rio de Janeiro,RJ,2022-09-26
CUST_00607,Salvador,MG,2022-06-11
CUST_00608,Sao Paulo,BA,2022-09-15
CUST_00609,Rio de Janeiro,RS,2023-04-29
CUST_00610,Rio de Janeiro,BA,2023-03-05
CUST_00611,Rio de Janeiro,RS,2023-02-21
CUST_00612,Porto Alegre,BA,2022-08-20
CUST_00613,Florianopolis,RS,2023-01-28
CUST_00614,Florianopolis,SP,2022-07-12
CUST_00615,Salvador,SC,2022-12-10
CUST_00616,Rio de Janeiro,PR,2022-11-16
CUST_00617,Florianopolis,SP,2022-05-05
CUST_00618,Curitiba,PR,2022-05-14
CUST_00619,Curitiba,PR,2022-01-31
CUST_00620,Porto Alegre,SP,2022-03-11
CUST_00621,Salvador,PE,2022-08-05
CUST_00622,Florianopolis,RJ,2022-08-27
CUST_00623,Porto Alegre,MG,2022-03-24
CUST_00624,Porto Alegre,PR,2022-07-28
CUST_00625,Salvador,SC,2022-10-30
CUST_00626,Rio de Janeiro,BA,2022-04-27
CUST_00627,Belo Horizonte,SC,2022-06-19
CUST_00628,Porto Alegre,RJ,2022-07-03
CUST_00629,Sao Paulo,SC,2022-09-10
CUST_00630,Belo Horizonte,SC,2022-07-03
CUST_00631,Salvador,PR,2023-01-04
CUST_00632,Florianopolis,RS,2022-06-13
CUST_00633,Curitiba,SP,2022-08-05
CUST_00634,Belo Horizonte,SC,2022-07-09
CUST_00635,Curitiba,PE,2022-04-02
CUST_00636,Porto Alegre,PR,2022-12-09
CUST_00637,Curitiba,RS,2022-04-28
CUST_00638,Sao Paulo,PR,2022-05-29
CUST_00639,Curitiba,SP,2023-02-01
CUST_00640,Belo Horizonte,RS,2023-04-20
CUST_00641,Porto Alegre,BA,2022-12-02
CUST_00642,Florianopolis,PE,2023-04-04
CUST_00643,Florianopolis,PE,2023-03-04
CUST_00644,Porto Alegre,PR,2022-08-29
CUST_00645,Belo Horizonte,PE,2023-01-21
CUST_00646,Curitiba,RS,2022-06-14
CUST_00647,Rio de Janeiro,BA,2022-08-19
CUST_00648,Florianopolis,RS,2022-09-25
CUST_00649,Salvador,PE,2023-04-26
CUST_00650,Salvador,BA,2023-03-01
CUST_00651,Belo Horizonte,SP,2022-09-02
CUST_00652,Belo Horizonte,SP,2022-11-23
CUST_00653,Salvador,PR,2022-04-12
CUST_00654,Curitiba,RS,2023-02-07
CUST_00655,Porto Alegre,BA,2022-10-04
CUST_00656,Curitiba,PR,2022-09-24
CUST_00657,Curitiba,RS,2023-01-19
CUST_00658,Porto Alegre,PE,2022-11-13
CUST_00659,Salvador,MG,2022-02-06
CUST_00660,Belo Horizonte,PR,2022-05-25
CUST_00661,Salvador,RS,2022-03-30
CUST_00662,Rio de Janeiro,PR,2023-01-03
CUST_00663,Belo Horizonte,PE,2022-01-18
CUST_00664,Florianopolis,PE,2022-04-12
CUST_00665,Florianopolis,RS,2022-10-26
CUST_00666,Florianopolis,PR,2022-12-14
CUST_00667,Belo Horizonte,RS,2022-09-09
CUST_00668,Salvador,RJ,2023-03-07
CUST_00669,Florianopolis,PR,2023-04-05
CUST_00670,Florianopolis,RJ,2022-03-08
CUST_00671,Sao Paulo,RJ,2023-04-22
CUST_00672,Salvador,SP,2022-11-04
CUST_00673,Florianopolis,RS,2022-11-15
CUST_00674,Salvador,SP,2022-02-17
CUST_00675,Rio de Janeiro,BA,2022-11-07
CUST_00676,Salvador,PR,2022-12-29
CUST_00677,Sao Paulo,MG,2022-10-18
CUST_00678,Curitiba,SC,2022-02-12
CUST_00679,Porto Alegre,RS,2022-09-19
CUST_00680,Curitiba,BA,2023-04-13
CUST_00681,Porto Alegre,BA,2022-12-28
CUST_00682,Rio de Janeiro,SP,2022-03-10
CUST_00683,Porto Alegre,RJ,2023-04-25
CUST_00684,Porto Alegre,RS,2023-04-25
CUST_00685,Porto Alegre,PE,2022-03-26
CUST_00686,Belo Horizonte,RJ,2023-02-05
CUST_00687,Belo Horizonte,SP,2022-07-23
CUST_00688,Rio de Janeiro,PE,2022-10-24
CUST_00689,Curitiba,PE,2022-08-11
CUST_00690,Porto Alegre,RJ,2023-01-27
CUST_00691,Belo Horizonte,PR,2023-05-14
CUST_00692,Belo Horizonte,BA,2023-02-02
CUST_00693,Belo Horizonte,RJ,2023-04-11
CUST_00694,Rio de Janeiro,MG,2023-04-19
CUST_00695,Porto Alegre,PR,2022-02-15
CUST_00696,Salvador,BA,2022-05-07
CUST_00697,Belo Horizonte,MG,2022-12-27
CUST_00698,Florianopolis,PR,2022-10-23
CUST_00699,Curitiba,MG,2022-01-26
CUST_00700,Rio de Janeiro,SC,2022-02-17
CUST_00701,Belo Horizonte,RJ,2022-09-18
CUST_00702,Sao Paulo,RJ,2022-11-05
CUST_00703,Sao Paulo,RJ,2022-03-25
CUST_00704,Belo Horizonte,PE,2022-03-27
CUST_00705,Curitiba,PE,2022-03-06
CUST_00706,Salvador,RS,2022-10-10
CUST_00707,Sao Paulo,RJ,2022-01-04
CUST_00708,Salvador,SC,2022-10-14
CUST_00709,Rio de Janeiro,PR,2022-08-26
CUST_00710,Sao Paulo,SC,2022-08-21
CUST_00711,Porto Alegre,MG,2022-12-06
CUST_00712,Salvador,PE,2022-09-19
CUST_00713,Porto Alegre,SC,2022-12-30
CUST_00714,Sao Paulo,RJ,2023-01-17
CUST_00715,Sao Paulo,BA,2023-04-06
CUST_00716,Belo Horizonte,MG,2023-02-04
CUST_00717,Curitiba,MG,2022-09-16
CUST_00718,Florianopolis,MG,2022-09-04
CUST_00719,Belo Horizonte,BA,2022-04-28
CUST_00720,Rio de Janeiro,MG,2022-10-27
CUST_00721,Florianopolis,BA,2022-03-11
CUST_00722,Rio de Janeiro,RS,2023-04-11
CUST_00723,Sao Paulo,SC,2023-02-27
CUST_00724,Belo Horizonte,PE,2022-03-01
CUST_00725,Belo Horizonte,SP,2023-01-28
CUST_00726,Porto Alegre,PE,2022-02-28
CUST_00727,Florianopolis,SP,2022-12-27
CUST_00728,Florianopolis,RS,2022-02-13
CUST_00729,Belo Horizonte,MG,2022-09-02
CUST_00730,Florianopolis,BA,2022-11-25
CUST_00731,Porto Alegre,BA,2022-12-31
CUST_00732,Sao Paulo,SC,2022-07-29
CUST_00733,Florianopolis,PR,2023-04-06
CUST_00734,Sao Paulo,PE,2023-01-23
CUST_00735,Porto Alegre,MG,2022-04-15
CUST_00736,Salvador,RJ,2022-12-02
CUST_00737,Rio de Janeiro,PR,2023-01-01
CUST_00738,Rio de Janeiro,RS,2022-06-16
CUST_00739,Curitiba,BA,2023-01-05
CUST_00740,Florianopolis,SC,2023-03-26
CUST_00741,Rio de Janeiro,RJ,2023-02-13
CUST_00742,Porto Alegre,MG,2023-01-17
CUST_00743,Curitiba,PE,2022-11-14
CUST_00744,Sao Paulo,PR,2022-05-16
CUST_00745,Porto Alegre,RJ,2023-02-02
CUST_00746,Salvador,PE,2022-07-02
CUST_00747,Porto Alegre,PR,2022-09-24
CUST_00748,Rio de Janeiro,PE,2022-06-07
CUST_00749,Rio de Janeiro,PE,2022-06-06
CUST_00750,Belo Horizonte,PE,2022-03-20
CUST_00751,Curitiba,RS,2023-04-26
CUST_00752,Curitiba,SC,2022-03-15
CUST_00753,Rio de Janeiro,PE,2022-02-13
CUST_00754,Curitiba,MG,2023-04-14
CUST_00755,Belo Horizonte,SP,2022-10-05
CUST_00756,Porto Alegre,MG,2022-08-07
CUST_00757,Salvador,BA,2023-01-04
CUST_00758,Porto Alegre,RS,2022-07-11
CUST_00759,Sao Paulo,SP,2022-03-05
CUST_00760,Florianopolis,RS,2022-12-31
CUST_00761,Sao Paulo,RJ,2022-03-29
CUST_00762,Florianopolis,RS,2022-10-04
CUST_00763,Sao Paulo,RS,2023-04-20
CUST_00764,Curitiba,BA,2023-04-14
CUST_00765,Sao Paulo,PR,2022-06-30
CUST_00766,Sao Paulo,PR,2023-01-26
CUST_00767,Porto Alegre,BA,2022-11-03
CUST_00768,Salvador,BA,2022-08-28
CUST_00769,Sao Paulo,SC,2022-03-11
CUST_00770,Florianopolis,MG,2022-07-08
CUST_00771,Belo Horizonte,PR,2022-11-22
CUST_00772,Belo Horizonte,MG,2023-05-09
CUST_00773,Belo Horizonte,RS,2022-01-03
CUST_00774,Curitiba,RJ,2022-12-25
CUST_00775,Rio de Janeiro,PR,2023-02-28
CUST_00776,Belo Horizonte,RJ,2023-04-21
CUST_00777,Rio de Janeiro,RS,2022-07-31
CUST_00778,Sao Paulo,SC,2022-03-01
CUST_00779,Belo Horizonte,PE,2022-05-16
CUST_00780,Porto Alegre,PR,2023-03-02
CUST_00781,Salvador,SP,2023-03-15
CUST_00782,Belo Horizonte,RJ,2022-11-15
CUST_00783,Belo Horizonte,SP,2022-03-03
CUST_00784,Salvador,SC,2022-03-02
CUST_00785,Porto Alegre,PE,2022-08-28
CUST_00786,Salvador,RS,2022-10-22
CUST_00787,Florianopolis,RJ,2022-01-17
CUST_00788,Salvador,SP,2022-12-10
CUST_00789,Florianopolis,PE,2022-09-30
CUST_00790,Belo Horizonte,MG,2022-01-07
CUST_00791,Belo Horizonte,SP,2022-02-17
CUST_00792,Belo Horizonte,RJ,2022-08-16
CUST_00793,Rio de Janeiro,MG,2022-12-28
CUST_00794,Salvador,BA,2023-02-17
CUST_00795,Salvador,PE,2022-08-04
CUST_00796,Salvador,MG,2022-05-28
CUST_00797,Rio de Janeiro,BA,2023-04-30
CUST_00798,Curitiba,SP,2022-08-18
CUST_00799,Rio de Janeiro,SP,2022-06-07
CUST_00800,Florianopolis,SP,2022-08-10
CUST_00801,Rio de Janeiro,PE,2022-01-07
CUST_00802,Rio de Janeiro,RS,2022-05-31
CUST_00803,Curitiba,SC,2022-09-15
CUST_00804,Florianopolis,SP,2023-04-05
CUST_00805,Florianopolis,SP,2023-01-05
CUST_00806,Sao Paulo,SC,2023-01-26
CUST_00807,Belo Horizonte,SP,2022-09-30
CUST_00808,Rio de Janeiro,RJ,2022-02-25
CUST_00809,Belo Horizonte,RS,2022-07-15
CUST_00810,Curitiba,RS,2023-05-14
CUST_00811,Rio de Janeiro,RJ,2022-01-23
CUST_00812,Sao Paulo,PR,2023-03-16
CUST_00813,Curitiba,BA,2022-12-09
CUST_00814,Sao Paulo,PR,2022-05-22
CUST_00815,Rio de Janeiro,PR,2023-01-24
CUST_00816,Sao Paulo,SP,2023-02-23
CUST_00817,Sao Paulo,PR,2022-01-22
CUST_00818,Curitiba,SC,2022-02-23
CUST_00819,Salvador,BA,2022-11-29
CUST_00820,Salvador,PE,2023-05-15
CUST_00821,Sao Paulo,RJ,2022-01-12
CUST_00822,Sao Paulo,SP,2022-11-29
CUST_00823,Belo Horizonte,RS,2022-03-10
CUST_00824,Porto Alegre,RJ,2022-11-22
CUST_00825,Salvador,RS,2022-11-08
CUST_00826,Salvador,PE,2022-02-15
CUST_00827,Belo Horizonte,MG,2022-12-07
CUST_00828,Rio de Janeiro,RS,2023-03-25
CUST_00829,Sao Paulo,BA,2023-03-08
CUST_00830,Rio de Janeiro,RJ,2022-01-15
CUST_00831,Sao Paulo,PE,2022-05-03
CUST_00832,Florianopolis,RJ,2022-05-01
CUST_00833,Rio de Janeiro,SC,2022-08-15
CUST_00834,Salvador,BA,2022-03-13
CUST_00835,Curitiba,RJ,2023-03-04
CUST_00836,Curitiba,BA,2023-01-24
CUST_00837,Curitiba,RJ,2023-02-09
CUST_00838,Salvador,RS,2022-04-10
CUST_00839,Sao Paulo,PE,2022-01-08
CUST_00840,Sao Paulo,PE,2023-04-01
CUST_00841,Belo Horizonte,SC,2022-05-25
CUST_00842,Belo Horizonte,PR,2022-11-25
CUST_00843,Curitiba,RS,2023-03-31
CUST_00844,Salvador,MG,2022-01-19
CUST_00845,Porto Alegre,PE,2022-01-03
CUST_00846,Rio de Janeiro,PR,2022-01-03
CUST_00847,Belo Horizonte,SC,2022-03-20
CUST_00848,Salvador,MG,2022-01-26
CUST_00849,Rio de Janeiro,BA,2023-02-14
CUST_00850,Curitiba,RJ,2022-10-30
CUST_00851,Curitiba,BA,2023-05-06
CUST_00852,Salvador,SP,2023-02-05
CUST_00853,Salvador,SP,2023-04-27
CUST_00854,Curitiba,MG,2022-04-30
CUST_00855,Belo Horizonte,PR,2022-05-24
CUST_00856,Belo Horizonte,BA,2023-03-01
CUST_00857,Belo Horizonte,MG,2022-05-03
CUST_00858,Rio de Janeiro,SP,2022-01-29
CUST_00859,Porto Alegre,MG,2022-12-01
CUST_00860,Rio de Janeiro,PR,2023-02-05
CUST_00861,Porto Alegre,RS,2023-04-30
CUST_00862,Salvador,BA,2023-04-09
CUST_00863,Florianopolis,RJ,2022-03-02
CUST_00864,Sao Paulo,RS,2023-01-22
CUST_00865,Salvador,BA,2023-02-28
CUST_00866,Sao Paulo,SC,2022-12-16
CUST_00867,Belo Horizonte,RS,2023-02-14
CUST_00868,Rio de Janeiro,SC,2023-02-23
CUST_00869,Rio de Janeiro,RJ,2022-08-12
CUST_00870,Rio de Janeiro,BA,2022-01-21
CUST_00871,Sao Paulo,SP,2022-08-17
CUST_00872,Salvador,SP,2022-04-11
CUST_00873,Sao Paulo,SC,2022-02-26
CUST_00874,Belo Horizonte,PR,2022-03-04
CUST_00875,Porto Alegre,RS,2022-12-15
CUST_00876,Florianopolis,RS,2022-09-10
CUST_00877,Salvador,BA,2022-09-27
CUST_00878,Sao Paulo,RJ,2023-01-08
CUST_00879,Florianopolis,RJ,2022-10-02
CUST_00880,Porto Alegre,SP,2022-11-12
CUST_00881,Rio de Janeiro,SC,2022-02-13
CUST_00882,Curitiba,RJ,2023-03-02
CUST_00883,Florianopolis,RS,2022-08-13
CUST_00884,Belo Horizonte,PR,2022-03-19
CUST_00885,Rio de Janeiro,RJ,2023-02-11
CUST_00886,Florianopolis,PR,2023-01-03
CUST_00887,Florianopolis,SP,2022-01-27
CUST_00888,Florianopolis,RJ,2022-04-07
CUST_00889,Florianopolis,RJ,2022-01-08
CUST_00890,Florianopolis,SC,2022-05-16
CUST_00891,Curitiba,RS,2022-02-19
CUST_00892,Rio de Janeiro,PE,2022-12-21
CUST_00893,Porto Alegre,PR,2022-09-19
CUST_00894,Rio de Janeiro,RJ,2023-05-06
CUST_00895,Curitiba,RS,2023-01-10
CUST_00896,Porto Alegre,PE,2022-11-02
CUST_00897,Florianopolis,RS,2022-09-12
CUST_00898,Belo Horizonte,SP,2022-01-28
CUST_00899,Rio de Janeiro,MG,2022-02-05
CUST_00900,Salvador,PE,2022-11-05
CUST_00901,Sao Paulo,RS,2022-01-03
CUST_00902,Curitiba,PE,2022-01-22
CUST_00903,Salvador,RS,2022-04-20
CUST_00904,Curitiba,SP,2023-03-19
CUST_00905,Belo Horizonte,SC,2022-08-18
CUST_00906,Salvador,SC,2022-12-21
CUST_00907,Belo Horizonte,BA,2022-07-25
CUST_00908,Porto Alegre,PE,2022-03-28
CUST_00909,Curitiba,RJ,2022-07-05
CUST_00910,Sao Paulo,PE,2022-02-15
CUST_00911,Curitiba,RJ,2023-01-21
CUST_00912,Sao Paulo,PE,2022-04-02
CUST_00913,Florianopolis,RJ,2022-07-08
CUST_00914,Porto Alegre,RS,2023-05-06
CUST_00915,Belo Horizonte,SC,2022-10-23
CUST_00916,Curitiba,SP,2022-08-18
CUST_00917,Porto Alegre,SP,2022-09-29
CUST_00918,Rio de Janeiro,SC,2023-01-28
CUST_00919,Belo Horizonte,SP,2022-05-08
CUST_00920,Belo Horizonte,RS,2022-11-15
CUST_00921,Rio de Janeiro,PE,2023-03-13
CUST_00922,Salvador,RS,2022-10-14
CUST_00923,Sao Paulo,PR,2022-08-12
CUST_00924,Salvador,PR,2022-03-14
CUST_00925,Belo Horizonte,BA,2022-05-05
CUST_00926,Curitiba,RS,2023-04-19
CUST_00927,Rio de Janeiro,RS,2022-09-28
CUST_00928,Belo Horizonte,RJ,2022-05-31
CUST_00929,Salvador,BA,2022-07-29
CUST_00930,Rio de Janeiro,BA,2022-10-17
CUST_00931,Sao Paulo,BA,2022-09-26
CUST_00932,Curitiba,SP,2022-12-16
CUST_00933,Rio de Janeiro,BA,2022-05-09
CUST_00934,Belo Horizonte,BA,2022-11-21
CUST_00935,Curitiba,RJ,2022-08-10
CUST_00936,Curitiba,SC,2023-04-16
CUST_00937,Porto Alegre,RS,2022-03-20
CUST_00938,Porto Alegre,PR,2022-03-16
CUST_00939,Salvador,BA,2022-08-19
CUST_00940,Sao Paulo,RS,2022-09-12
CUST_00941,Belo Horizonte,RS,2022-12-12
CUST_00942,Sao Paulo,MG,2022-07-22
CUST_00943,Sao Paulo,PE,2023-04-02
CUST_00944,Rio de Janeiro,PE,2022-08-26
CUST_00945,Porto Alegre,RJ,2022-03-06
CUST_00946,Florianopolis,BA,2022-03-01
CUST_00947,Salvador,SP,2023-05-02
CUST_00948,Porto Alegre,MG,2022-03-09
CUST_00949,Salvador,PE,2023-04-19
CUST_00950,Rio de Janeiro,RJ,2022-05-20
CUST_00951,Salvador,PR,2022-02-16
CUST_00952,Florianopolis,RJ,2022-06-02
CUST_00953,Sao Paulo,BA,2022-11-04
CUST_00954,Curitiba,PR,2022-08-02
CUST_00955,Salvador,RS,2023-01-28
CUST_00956,Curitiba,PE,2022-11-02
CUST_00957,Salvador,RS,2022-07-20
CUST_00958,Florianopolis,BA,2022-11-14
CUST_00959,Curitiba,SP,2023-05-01
CUST_00960,Sao Paulo,RJ,2022-07-25
CUST_00961,Belo Horizonte,PE,2022-03-18
CUST_00962,Rio de Janeiro,SC,2022-07-24
CUST_00963,Curitiba,BA,2023-02-25
CUST_00964,Porto Alegre,PR,2022-04-19
CUST_00965,Curitiba,RJ,2023-04-20
CUST_00966,Rio de Janeiro,SC,2022-10-22
CUST_00967,Belo Horizonte,SC,2022-10-28
CUST_00968,Porto Alegre,RJ,2022-06-08
CUST_00969,Sao Paulo,RS,2023-04-06
CUST_00970,Rio de Janeiro,RS,2022-01-19
CUST_00971,Florianopolis,PR,2022-05-30
CUST_00972,Sao Paulo,PE,2022-07-29
CUST_00973,Belo Horizonte,SP,2022-08-27
CUST_00974,Rio de Janeiro,MG,2022-08-26
CUST_00975,Sao Paulo,SP,2022-03-15
CUST_00976,Belo Horizonte,BA,2022-04-23
CUST_00977,Curitiba,BA,2022-02-17
CUST_00978,Rio de Janeiro,PE,2022-10-14
CUST_00979,Sao Paulo,RS,2022-06-25
CUST_00980,Sao Paulo,RJ,2022-10-10
CUST_00981,Porto Alegre,PR,2022-10-22
CUST_00982,Florianopolis,SP,2022-12-18
CUST_00983,Rio de Janeiro,BA,2022-10-01
CUST_00984,Belo Horizonte,BA,2022-11-20
CUST_00985,Belo Horizonte,SC,2022-10-21
CUST_00986,Belo Horizonte,MG,2022-11-23
CUST_00987,Rio de Janeiro,MG,2022-11-05
CUST_00988,Sao Paulo,SP,2022-06-08
CUST_00989,Curitiba,PR,2022-05-04
CUST_00990,Belo Horizonte,PR,2023-01-29
CUST_00991,Belo Horizonte,SC,2022-06-21
CUST_00992,Rio de Janeiro,SC,2022-10-02
CUST_00993,Florianopolis,RJ,2022-04-09
CUST_00994,Porto Alegre,MG,2022-08-04
CUST_00995,Belo Horizonte,RS,2022-09-22
CUST_00996,Rio de Janeiro,MG,2022-11-10
CUST_00997,Salvador,SP,2022-09-21
CUST_00998,Florianopolis,SC,2022-06-30
CUST_00999,Sao Paulo,BA,2023-04-26
CUST_01000,Florianopolis,RS,2022-09-14
CUST_01001,Porto Alegre,MG,2023-02-09
CUST_01002,Sao Paulo,SC,2023-01-04
CUST_01003,Salvador,SP,2022-10-07
CUST_01004,Sao Paulo,PR,2023-03-20
CUST_01005,Sao Paulo,SC,2022-03-06
CUST_01006,Sao Paulo,PE,2023-04-06
CUST_01007,Curitiba,MG,2023-03-02
CUST_01008,Porto Alegre,BA,2022-09-09
CUST_01009,Belo Horizonte,RJ,2023-01-02
CUST_01010,Sao Paulo,SP,2022-09-18
CUST_01011,Rio de Janeiro,MG,2022-05-15
CUST_01012,Salvador,PE,2023-02-04
CUST_01013,Florianopolis,BA,2022-05-03
CUST_01014,Salvador,PR,2022-06-07
CUST_01015,Sao Paulo,MG,2022-09-17
CUST_01016,Salvador,RJ,2023-02-23
CUST_01017,Porto Alegre,MG,2022-07-11
CUST_01018,Curitiba,RJ,2022-09-05
CUST_01019,Rio de Janeiro,RJ,2022-01-21
CUST_01020,Florianopolis,BA,2022-02-27
CUST_01021,Curitiba,RJ,2022-01-28
CUST_01022,Sao Paulo,SP,2022-02-06
CUST_01023,Rio de Janeiro,RS,2023-03-11
CUST_01024,Belo Horizonte,MG,2023-02-25
CUST_01025,Sao Paulo,PR,2023-02-15
CUST_01026,Belo Horizonte,RJ,2022-01-28
CUST_01027,Curitiba,RJ,2022-02-08
CUST_01028,Florianopolis,PR,2022-05-21
CUST_01029,Sao Paulo,BA,2022-10-10
CUST_01030,Porto Alegre,PR,2022-06-17
CUST_01031,Florianopolis,RS,2022-09-01
CUST_01032,Salvador,RS,2022-03-28
CUST_01033,Florianopolis,MG,2023-01-01
CUST_01034,Rio de Janeiro,MG,2022-06-06
CUST_01035,Salvador,PR,2022-02-03
CUST_01036,Florianopolis,SP,2023-01-07
CUST_01037,Belo Horizonte,BA,2023-03-28
CUST_01038,Curitiba,RS,2022-01-08
CUST_01039,Curitiba,MG,2022-08-07
CUST_01040,Curitiba,MG,2023-02-18
CUST_01041,Belo Horizonte,MG,2022-12-20
CUST_01042,Florianopolis,BA,2023-03-05
CUST_01043,Florianopolis,SC,2022-07-27
CUST_01044,Belo Horizonte,SP,2022-07-06
CUST_01045,Salvador,PR,2022-12-21
CUST_01046,Belo Horizonte,SP,2022-03-18
CUST_01047,Salvador,PR,2022-04-30
CUST_01048,Porto Alegre,RJ,2022-10-28
CUST_01049,Curitiba,MG,2022-12-01
CUST_01050,Sao Paulo,PR,2022-03-01
CUST_01051,Porto Alegre,MG,2022-09-12
CUST_01052,Belo Horizonte,PR,2022-07-02
CUST_01053,Rio de Janeiro,SC,2022-09-08
CUST_01054,Rio de Janeiro,SC,2023-04-25
CUST_01055,Florianopolis,SP,2022-02-08
CUST_01056,Sao Paulo,PR,2023-05-13
CUST_01057,Salvador,SC,2022-08-13
CUST_01058,Florianopolis,RS,2023-01-22
CUST_01059,Sao Paulo,RJ,2022-08-01
CUST_01060,Porto Alegre,RS,2022-06-05
CUST_01061,Porto Alegre,RJ,2023-01-21
CUST_01062,Belo Horizonte,SP,2022-12-10
CUST_01063,Porto Alegre,BA,2022-03-14
CUST_01064,Belo Horizonte,RS,2022-12-19
CUST_01065,Curitiba,SC,2023-01-12
CUST_01066,Curitiba,MG,2022-07-13
CUST_01067,Salvador,SC,2023-04-08
CUST_01068,Porto Alegre,PR,2022-11-17
CUST_01069,Belo Horizonte,BA,2022-06-16
CUST_01070,Florianopolis,SP,2022-01-06
CUST_01071,Salvador,SP,2022-12-04
CUST_01072,Florianopolis,SC,2022-04-15
CUST_01073,Salvador,SC,2023-01-14
CUST_01074,Belo Horizonte,PE,2022-09-20
CUST_01075,Salvador,MG,2022-08-22
CUST_01076,Belo Horizonte,SP,2022-03-23
CUST_01077,Rio de Janeiro,PE,2022-12-22
CUST_01078,Curitiba,RS,2022-03-24
CUST_01079,Florianopolis,RJ,2022-07-28
CUST_01080,Curitiba,SC,2023-02-23
CUST_01081,Belo Horizonte,PE,2023-04-06
CUST_01082,Curitiba,MG,2023-05-10
CUST_01083,Belo Horizonte,SC,2023-04-25
CUST_01084,Porto Alegre,SC,2022-10-05
CUST_01085,Belo Horizonte,RS,2022-04-11
CUST_01086,Curitiba,BA,2023-02-24
CUST_01087,Belo Horizonte,MG,2023-02-05
CUST_01088,Belo Horizonte,PE,2023-05-11
CUST_01089,Florianopolis,PE,2022-11-22
CUST_01090,Belo Horizonte,PE,2022-03-12
CUST_01091,Sao Paulo,BA,2022-09-09
CUST_01092,Belo Horizonte,SP,2022-08-13
CUST_01093,Curitiba,MG,2023-02-26
CUST_01094,Sao Paulo,PR,2022-07-16
CUST_01095,Belo Horizonte,PE,2022-06-14
CUST_01096,Rio de Janeiro,RS,2022-02-10
CUST_01097,Curitiba,RS,2023-02-22
CUST_01098,Salvador,RJ,2023-01-13
CUST_01099,Florianopolis,SC,2022-01-21
CUST_01100,Belo Horizonte,MG,2022-08-05
CUST_01101,Florianopolis,SP,2022-08-28
CUST_01102,Rio de Janeiro,PE,2022-08-23
CUST_01103,Salvador,RJ,2023-04-05
CUST_01104,Curitiba,SP,2022-03-17
CUST_01105,Salvador,SP,2022-06-03
CUST_01106,Salvador,PR,2022-04-01
CUST_01107,Curitiba,SP,2022-05-03
CUST_01108,Rio de Janeiro,SC,2023-03-30
CUST_01109,Curitiba,RS,2023-04-16
CUST_01110,Salvador,MG,2022-01-23
CUST_01111,Florianopolis,SP,2022-11-13
CUST_01112,Florianopolis,PR,2022-04-27
CUST_01113,Rio de Janeiro,RJ,2022-04-07
CUST_01114,Porto Alegre,PE,2022-05-27
CUST_01115,Sao Paulo,MG,2022-04-08
CUST_01116,Porto Alegre,PR,2022-09-03
CUST_01117,Florianopolis,SP,2023-05-13
CUST_01118,Sao Paulo,RJ,2022-10-21
CUST_01119,Porto Alegre,RJ,2022-12-28
CUST_01120,Florianopolis,SP,2022-09-04
CUST_01121,Salvador,BA,2022-01-07
CUST_01122,Belo Horizonte,PE,2022-02-12
CUST_01123,Sao Paulo,PE,2022-05-15
CUST_01124,Florianopolis,MG,2022-05-02
CUST_01125,Florianopolis,SC,2023-02-25
CUST_01126,Porto Alegre,RS,2023-02-26
CUST_01127,Florianopolis,SP,2023-03-04
CUST_01128,Sao Paulo,SP,2022-11-15
CUST_01129,Porto Alegre,RS,2022-10-06
CUST_01130,Sao Paulo,PR,2022-11-21
CUST_01131,Florianopolis,SP,2022-07-23
CUST_01132,Porto Alegre,PE,2022-12-02
CUST_01133,Florianopolis,BA,2023-02-02
CUST_01134,Curitiba,RS,2023-01-17
CUST_01135,Sao Paulo,PE,2022-11-03
CUST_01136,Sao Paulo,PE,2022-01-30
CUST_01137,Belo Horizonte,PE,2022-12-29
CUST_01138,Salvador,MG,2022-07-03
CUST_01139,Rio de Janeiro,PE,2023-01-07
CUST_01140,Salvador,RS,2022-09-27
CUST_01141,Rio de Janeiro,BA,2023-03-17
CUST_01142,Curitiba,SC,2022-06-19
CUST_01143,Rio de Janeiro,RJ,2023-04-11
CUST_01144,Curitiba,PR,2023-02-27
CUST_01145,Curitiba,RJ,2022-06-15
CUST_01146,Sao Paulo,MG,2022-08-30
CUST_01147,Curitiba,PR,2022-09-23
CUST_01148,Salvador,SC,2023-01-20
CUST_01149,Florianopolis,SC,2022-12-11
CUST_01150,Belo Horizonte,PR,2023-03-03
CUST_01151,Florianopolis,MG,2022-07-04
CUST_01152,Florianopolis,RS,2022-09-10
CUST_01153,Florianopolis,PE,2022-08-04
CUST_01154,Belo Horizonte,PE,2023-03-31
CUST_01155,Salvador,RJ,2022-06-02
CUST_01156,Curitiba,RJ,2022-10-21
CUST_01157,Sao Paulo,BA,2022-03-02
CUST_01158,Rio de Janeiro,MG,2023-03-02
CUST_01159,Porto Alegre,RJ,2022-07-12
CUST_01160,Rio de Janeiro,SP,2022-06-20
CUST_01161,Curitiba,PR,2022-10-19
CUST_01162,Salvador,PR,2022-09-07
CUST_01163,Rio de Janeiro,RS,2023-02-28
CUST_01164,Curitiba,RJ,2022-09-23
CUST_01165,Rio de Janeiro,BA,2022-09-16
CUST_01166,Curitiba,BA,2022-02-22
CUST_01167,Rio de Janeiro,PR,2022-01-11
CUST_01168,Florianopolis,RJ,2022-07-19
CUST_01169,Sao Paulo,RS,2023-05-15
CUST_01170,Florianopolis,BA,2023-04-04
CUST_01171,Salvador,MG,2022-11-11
CUST_01172,Salvador,MG,2022-11-12
CUST_01173,Salvador,RS,2022-07-15
CUST_01174,Rio de Janeiro,MG,2022-03-30
CUST_01175,Florianopolis,PR,2022-01-05
CUST_01176,Porto Alegre,MG,2022-06-19
CUST_01177,Florianopolis,MG,2022-06-08
CUST_01178,Florianopolis,BA,2022-04-06
CUST_01179,Porto Alegre,PR,2022-05-10
CUST_01180,Belo Horizonte,PR,2022-01-13
CUST_01181,Sao Paulo,BA,2022-10-31
CUST_01182,Sao Paulo,MG,2023-04-09
CUST_01183,Belo Horizonte,SP,2022-12-12
CUST_01184,Salvador,SC,2022-08-13
CUST_01185,Curitiba,SP,2022-07-30
CUST_01186,Curitiba,RS,2022-06-03
CUST_01187,Rio de Janeiro,MG,2022-03-13
CUST_01188,Curitiba,RJ,2022-10-27
CUST_01189,Porto Alegre,SP,2022-10-11
CUST_01190,Florianopolis,PE,2022-01-04
CUST_01191,Salvador,PR,2022-07-27
CUST_01192,Porto Alegre,MG,2022-05-20
CUST_01193,Florianopolis,BA,2022-03-27
CUST_01194,Belo Horizonte,SP,2022-12-18
CUST_01195,Florianopolis,RS,2022-09-20
CUST_01196,Belo Horizonte,PR,2022-11-13
CUST_01197,Sao Paulo,RS,2022-12-23
CUST_01198,Belo Horizonte,SP,2023-05-06
CUST_01199,Sao Paulo,PE,2023-02-06
CUST_01200,Sao Paulo,RJ,2022-11-07
CUST_01201,Florianopolis,BA,2023-03-16
CUST_01202,Salvador,BA,2022-08-27
CUST_01203,Rio de Janeiro,MG,2023-05-08
CUST_01204,Salvador,RJ,2023-01-16
CUST_01205,Sao Paulo,MG,2022-11-22
CUST_01206,Rio de Janeiro,SC,2023-03-28
CUST_01207,Porto Alegre,PE,2022-09-15
CUST_01208,Belo Horizonte,PE,2022-12-27
CUST_01209,Salvador,RJ,2022-05-23
CUST_01210,Florianopolis,RS,2023-04-27
CUST_01211,Sao Paulo,RJ,2022-11-08
CUST_01212,Sao Paulo,BA,2023-01-27
CUST_01213,Florianopolis,PR,2022-08-19
CUST_01214,Curitiba,BA,2023-03-10
CUST_01215,Curitiba,BA,2022-02-07
CUST_01216,Curitiba,PE,2022-02-27
CUST_01217,Curitiba,PR,2022-09-11
CUST_01218,Porto Alegre,MG,2023-01-02
CUST_01219,Porto Alegre,RS,2023-02-09
CUST_01220,Rio de Janeiro,RJ,2022-08-09
CUST_01221,Porto Alegre,SP,2022-11-21
CUST_01222,Porto Alegre,RS,2022-10-04
CUST_01223,Sao Paulo,SC,2023-04-26
CUST_01224,Belo Horizonte,RS,2022-11-24
CUST_01225,Salvador,SC,2022-07-28
CUST_01226,Porto Alegre,RJ,2023-04-30
CUST_01227,Sao Paulo,PR,2022-02-23
CUST_01228,Sao Paulo,RS,2023-05-08
CUST_01229,Porto Alegre,MG,2022-03-19
CUST_01230,Curitiba,SP,2022-05-25
CUST_01231,Florianopolis,SP,2023-02-15
CUST_01232,Curitiba,PE,2023-01-02
CUST_01233,Florianopolis,RS,2023-05-01
CUST_01234,Rio de Janeiro,MG,2023-01-10
CUST_01235,Curitiba,MG,2022-11-15
CUST_01236,Sao Paulo,SP,2022-06-23
CUST_01237,Porto Alegre,PE,2022-01-03
CUST_01238,Rio de Janeiro,SP,2022-03-03
CUST_01239,Curitiba,SC,2022-05-29
CUST_01240,Belo Horizonte,RJ,2022-01-21
CUST_01241,Rio de Janeiro,MG,2022-09-12
CUST_01242,Sao Paulo,MG,2023-01-24
CUST_01243,Curitiba,SC,2023-04-27
CUST_01244,Florianopolis,SP,2022-09-02
CUST_01245,Rio de Janeiro,MG,2023-03-14
CUST_01246,Belo Horizonte,MG,2023-05-08
CUST_01247,Rio de Janeiro,MG,2023-03-06
CUST_01248,Salvador,RJ,2022-08-21
CUST_01249,Belo Horizonte,PE,2022-06-12
CUST_01250,Florianopolis,PR,2023-05-04
CUST_01251,Rio de Janeiro,PR,2022-05-01
CUST_01252,Sao Paulo,PR,2022-07-25
CUST_01253,Porto Alegre,PE,2022-02-07
CUST_01254,Porto Alegre,MG,2023-02-01
CUST_01255,Florianopolis,MG,2022-11-21
CUST_01256,Florianopolis,MG,2022-02-12
CUST_01257,Florianopolis,MG,2022-04-21
CUST_01258,Porto Alegre,SP,2022-10-05
CUST_01259,Belo Horizonte,RS,2022-09-28
CUST_01260,Curitiba,SP,2023-02-06
CUST_01261,Sao Paulo,RJ,2022-05-14
CUST_01262,Curitiba,RJ,2023-04-08
CUST_01263,Belo Horizonte,MG,2022-08-11
CUST_01264,Sao Paulo,SC,2023-02-16
CUST_01265,Rio de Janeiro,RS,2022-04-30
CUST_01266,Curitiba,PE,2022-01-19
CUST_01267,Belo Horizonte,MG,2022-01-28
CUST_01268,Florianopolis,PE,2022-07-06
CUST_01269,Curitiba,SP,2023-04-22
CUST_01270,Florianopolis,RS,2022-01-25
CUST_01271,Porto Alegre,SC,2022-07-04
CUST_01272,Sao Paulo,RS,2022-02-24
CUST_01273,Rio de Janeiro,PE,2023-04-11
CUST_01274,Porto Alegre,MG,2022-12-04
CUST_01275,Curitiba,SP,2023-01-17
CUST_01276,Belo Horizonte,SC,2022-12-23
CUST_01277,Curitiba,SP,2022-11-25
CUST_01278,Florianopolis,SC,2023-01-22
CUST_01279,Belo Horizonte,BA,2022-01-05
CUST_01280,Sao Paulo,SC,2023-03-09
CUST_01281,Belo Horizonte,PR,2023-01-05
CUST_01282,Florianopolis,PE,2023-01-05
CUST_01283,Salvador,RJ,2022-07-16
CUST_01284,Salvador,PR,2023-02-05
CUST_01285,Florianopolis,SP,2022-07-10
CUST_01286,Sao Paulo,SC,2022-01-25
CUST_01287,Rio de Janeiro,BA,2023-03-30
CUST_01288,Sao Paulo,SC,2022-04-28
CUST_01289,Sao Paulo,SC,2022-02-20
CUST_01290,Salvador,MG,2022-11-07
CUST_01291,Florianopolis,SP,2022-04-27
CUST_01292,Rio de Janeiro,PE,2023-03-06
CUST_01293,Salvador,PR,2022-08-10
CUST_01294,Curitiba,SP,2022-01-03
CUST_01295,Sao Paulo,PE,2023-04-21
CUST_01296,Florianopolis,PE,2022-09-15
CUST_01297,Florianopolis,PR,2022-05-12
CUST_01298,Curitiba,SC,2022-12-05
CUST_01299,Porto Alegre,SP,2022-09-23
CUST_01300,Belo Horizonte,SP,2022-01-15
CUST_01301,Salvador,MG,2023-01-15
CUST_01302,Curitiba,BA,2022-07-20
CUST_01303,Florianopolis,RJ,2022-12-16
CUST_01304,Sao Paulo,SP,2023-03-24
CUST_01305,Rio de Janeiro,BA,2022-11-02
CUST_01306,Florianopolis,SC,2022-12-02
CUST_01307,Belo Horizonte,BA,2022-05-08
CUST_01308,Belo Horizonte,SC,2022-04-29
CUST_01309,Salvador,SC,2022-07-27
CUST_01310,Rio de Janeiro,RS,2023-03-03
CUST_01311,Curitiba,RS,2022-09-20
CUST_01312,Belo Horizonte,SC,2022-06-24
CUST_01313,Rio de Janeiro,MG,2023-01-25
CUST_01314,Florianopolis,SP,2023-03-03
CUST_01315,Rio de Janeiro,SC,2023-03-28
CUST_01316,Sao Paulo,MG,2022-05-30
CUST_01317,Porto Alegre,PE,2022-12-21
CUST_01318,Florianopolis,PR,2022-10-23
CUST_01319,Sao Paulo,SC,2022-08-13
CUST_01320,Porto Alegre,SP,2022-07-18
CUST_01321,Curitiba,BA,2022-02-27
CUST_01322,Salvador,PR,2022-05-18
CUST_01323,Sao Paulo,PR,2022-10-02
CUST_01324,Florianopolis,MG,2023-03-20
CUST_01325,Porto Alegre,PE,2023-03-10
CUST_01326,Salvador,PR,2022-04-04
CUST_01327,Belo Horizonte,SC,2022-12-06
CUST_01328,Florianopolis,PR,2022-02-12
CUST_01329,Porto Alegre,SP,2022-12-04
CUST_01330,Sao Paulo,PE,2022-06-20
CUST_01331,Florianopolis,RJ,2022-08-13
CUST_01332,Salvador,MG,2022-12-25
CUST_01333,Belo Horizonte,SC,2022-08-01
CUST_01334,Curitiba,PE,2023-02-08
CUST_01335,Belo Horizonte,PE,2022-09-24
CUST_01336,Curitiba,PR,2023-05-15
CUST_01337,Florianopolis,SC,2022-11-16
CUST_01338,Florianopolis,MG,2022-05-29
CUST_01339,Rio de Janeiro,BA,2023-01-23
CUST_01340,Florianopolis,RS,2022-07-23
CUST_01341,Curitiba,SP,2022-09-25
CUST_01342,Porto Alegre,PR,2022-03-10
CUST_01343,Salvador,PR,2022-03-01
CUST_01344,Curitiba,MG,2022-10-15
CUST_01345,Curitiba,MG,2022-04-04
CUST_01346,Curitiba,RS,2023-05-14
CUST_01347,Florianopolis,SP,2023-03-04
CUST_01348,Belo Horizonte,RJ,2022-12-17
CUST_01349,Rio de Janeiro,SC,2023-01-03
CUST_01350,Belo Horizonte,MG,2022-10-25
CUST_01351,Rio de Janeiro,RS,2022-01-31
CUST_01352,Belo Horizonte,RS,2022-07-16
CUST_01353,Sao Paulo,RS,2022-09-05
CUST_01354,Sao Paulo,PR,2023-04-03
CUST_01355,Salvador,PR,2022-04-20
CUST_01356,Sao Paulo,SC,2022-09-06
CUST_01357,Curitiba,PE,2022-06-22
CUST_01358,Salvador,MG,2022-03-09
CUST_01359,Salvador,BA,2022-02-21
CUST_01360,Curitiba,PE,2022-07-02
CUST_01361,Rio de Janeiro,SP,2022-02-11
CUST_01362,Florianopolis,SC,2022-02-03
CUST_01363,Salvador,PR,2022-06-25
CUST_01364,Porto Alegre,PE,2022-04-11
CUST_01365,Sao Paulo,RS,2022-10-05
CUST_01366,Sao Paulo,SC,2022-01-09
CUST_01367,Belo Horizonte,RJ,2022-05-31
CUST_01368,Rio de Janeiro,RJ,2022-08-15
CUST_01369,Florianopolis,PE,2023-04-27
CUST_01370,Rio de Janeiro,RS,2022-11-14
CUST_01371,Rio de Janeiro,RS,2023-03-17
CUST_01372,Florianopolis,RJ,2022-06-21
CUST_01373,Salvador,RJ,2022-08-13
CUST_01374,Rio de Janeiro,SC,2022-07-30
CUST_01375,Belo Horizonte,MG,2023-03-20
CUST_01376,Curitiba,RS,2023-04-25
CUST_01377,Porto Alegre,MG,2023-04-27
CUST_01378,Florianopolis,MG,2023-01-11
CUST_01379,Florianopolis,RJ,2022-09-09
CUST_01380,Florianopolis,PE,2022-09-28
CUST_01381,Sao Paulo,PE,2023-05-06
CUST_01382,Rio de Janeiro,SP,2022-05-23
CUST_01383,Curitiba,MG,2022-06-23
CUST_01384,Sao Paulo,RS,2023-03-25
CUST_01385,Belo Horizonte,PR,2022-07-13
CUST_01386,Rio de Janeiro,BA,2022-04-28
CUST_01387,Florianopolis,MG,2022-10-08
CUST_01388,Sao Paulo,SP,2022-06-12
CUST_01389,Rio de Janeiro,MG,2023-03-22
CUST_01390,Rio de Janeiro,RS,2023-03-31
CUST_01391,Rio de Janeiro,RJ,2022-06-03
CUST_01392,Curitiba,SC,2022-09-22
CUST_01393,Belo Horizonte,SP,2023-05-07
CUST_01394,Florianopolis,SP,2023-01-07
CUST_01395,Rio de Janeiro,RS,2022-04-18
CUST_01396,Curitiba,RS,2022-10-23
CUST_01397,Porto Alegre,MG,2022-11-06
CUST_01398,Porto Alegre,MG,2022-11-23
CUST_01399,Salvador,SP,2022-01-13
CUST_01400,Rio de Janeiro,BA,2022-05-30
CUST_01401,Curitiba,PR,2023-03-04
CUST_01402,Salvador,SP,2022-05-01
CUST_01403,Florianopolis,PR,2022-05-30
CUST_01404,Porto Alegre,PE,2022-06-11
CUST_01405,Porto Alegre,MG,2022-03-30
CUST_01406,Florianopolis,PE,2022-03-19
CUST_01407,Porto Alegre,MG,2022-06-23
CUST_01408,Florianopolis,RJ,2023-03-14
CUST_01409,Sao Paulo,MG,2022-01-01
CUST_01410,Belo Horizonte,MG,2022-05-22
CUST_01411,Sao Paulo,SP,2022-01-31
CUST_01412,Sao Paulo,RS,2022-10-08
CUST_01413,Curitiba,MG,2022-05-06
CUST_01414,Rio de Janeiro,BA,2023-01-31
CUST_01415,Belo Horizonte,PR,2022-10-20
CUST_01416,Curitiba,PR,2023-01-27
CUST_01417,Porto Alegre,PR,2022-11-14
CUST_01418,Florianopolis,RJ,2022-08-08
CUST_01419,Salvador,BA,2023-03-07
CUST_01420,Belo Horizonte,SP,2022-08-27
CUST_01421,Belo Horizonte,BA,2023-04-20
CUST_01422,Salvador,PE,2023-05-13
CUST_01423,Sao Paulo,SC,2022-10-22
CUST_01424,Curitiba,PR,2022-12-04
CUST_01425,Belo Horizonte,MG,2022-05-08
CUST_01426,Rio de Janeiro,SC,2023-02-12
CUST_01427,Porto Alegre,MG,2022-12-02
CUST_01428,Belo Horizonte,PR,2023-03-28
CUST_01429,Rio de Janeiro,SC,2022-05-14
CUST_01430,Porto Alegre,PE,2023-01-29
CUST_01431,Rio de Janeiro,PE,2022-08-24
CUST_01432,Porto Alegre,SP,2022-04-03
CUST_01433,Rio de Janeiro,PE,2022-03-27
CUST_01434,Curitiba,SP,2022-10-09
CUST_01435,Salvador,RS,2022-06-09
CUST_01436,Rio de Janeiro,PE,2022-02-20
CUST_01437,Salvador,BA,2022-08-02
CUST_01438,Salvador,PE,2022-11-23
CUST_01439,Florianopolis,MG,2022-06-09
CUST_01440,Rio de Janeiro,MG,2023-04-23
CUST_01441,Salvador,MG,2023-01-25
CUST_01442,Florianopolis,MG,2022-09-14
CUST_01443,Salvador,BA,2023-04-13
CUST_01444,Rio de Janeiro,PR,2022-08-05
CUST_01445,Salvador,BA,2022-03-11
CUST_01446,Sao Paulo,PR,2022-01-18
CUST_01447,Porto Alegre,MG,2023-04-15
CUST_01448,Curitiba,RJ,2023-04-25
CUST_01449,Curitiba,RS,2023-01-05
CUST_01450,Curitiba,PE,2022-02-21
CUST_01451,Sao Paulo,SC,2022-05-27
CUST_01452,Curitiba,MG,2022-01-21
CUST_01453,Florianopolis,PR,2022-01-26
CUST_01454,Curitiba,BA,2022-05-04
CUST_01455,Rio de Janeiro,RS,2022-10-14
CUST_01456,Florianopolis,SP,2022-02-02
CUST_01457,Sao Paulo,RS,2023-05-08
CUST_01458,Curitiba,SP,2022-08-16
CUST_01459,Curitiba,SP,2022-05-12
CUST_01460,Curitiba,BA,2022-09-16
CUST_01461,Florianopolis,SP,2023-01-31
CUST_01462,Belo Horizonte,MG,2022-06-06
CUST_01463,Florianopolis,RS,2022-01-24
CUST_01464,Sao Paulo,BA,2022-01-26
CUST_01465,Salvador,PR,2023-03-02
CUST_01466,Porto Alegre,SP,2022-02-25
CUST_01467,Rio de Janeiro,SC,2022-11-14
CUST_01468,Rio de Janeiro,PE,2022-07-12
CUST_01469,Salvador,PE,2023-01-24
CUST_01470,Porto Alegre,BA,2022-01-31
CUST_01471,Porto Alegre,PR,2023-03-25
CUST_01472,Sao Paulo,PE,2022-12-16
CUST_01473,Porto Alegre,PR,2022-08-13
CUST_01474,Florianopolis,RJ,2022-04-14
CUST_01475,Sao Paulo,SC,2023-05-04
CUST_01476,Curitiba,MG,2022-06-01
CUST_01477,Curitiba,PE,2022-09-03
CUST_01478,Florianopolis,MG,2022-07-17
CUST_01479,Rio de Janeiro,SC,2022-04-26
CUST_01480,Curitiba,RS,2022-07-28
CUST_01481,Salvador,PR,2022-03-17
CUST_01482,Sao Paulo,MG,2022-01-01
CUST_01483,Salvador,SC,2022-05-25
CUST_01484,Salvador,SP,2022-02-26
CUST_01485,Salvador,PR,2022-07-27
CUST_01486,Porto Alegre,MG,2023-03-08
CUST_01487,Salvador,RS,2022-03-23
CUST_01488,Salvador,MG,2022-01-01
CUST_01489,Florianopolis,BA,2022-02-25
CUST_01490,Belo Horizonte,PR,2022-09-12
CUST_01491,Curitiba,RJ,2022-05-18
CUST_01492,Porto Alegre,RJ,2022-09-02
CUST_01493,Rio de Janeiro,BA,2022-01-15
CUST_01494,Salvador,MG,2022-06-16
CUST_01495,Salvador,MG,2022-07-25
CUST_01496,Porto Alegre,BA,2022-08-04
CUST_01497,Belo Horizonte,MG,2022-10-03
CUST_01498,Belo Horizonte,PR,2023-01-26
CUST_01499,Curitiba,RJ,2022-08-22
CUST_01500,Porto Alegre,MG,2023-02-25
