product_id,product_category,product_weight_g,product_length_cm,product_height_cm,product_width_cm
PROD_0001,watches_gifts,1843.4211313227515,22.141559517865474,28.1324245451845,14.906984227250241
PROD_0002,auto,245.11854712685954,14.103593353178782,21.75085025631006,34.85172489546159
PROD_0003,sports_leisure,560.2516020430511,13.623585870878939,18.591739434470814,27.022441087324253
PROD_0004,housewares,683.9838774192112,18.42531762873957,14.571963511294262,25.753560407760737
PROD_0005,electronics,1168.34007014452,25.690030689800047,5.306236864982374,24.034024342027475
PROD_0006,watches_gifts,1017.1416071768954,15.555245281972075,8.38856802049908,12.976778267468209
PROD_0007,toys,1899.5681908480437,24.07357192022587,21.413964280513568,28.942711342181916
PROD_0008,auto,1677.1741645458487,33.46842252913452,11.0512195993761,14.098071393917754
PROD_0009,health_beauty,1447.636473034299,14.58576210069192,11.503739509179766,21.98300758705452
PROD_0010,computers,1272.8151571719425,23.348433932715686,14.171747621579893,8.524270661748018
PROD_0011,furniture,1396.6148884924137,33.19805387000618,9.689768705767227,5.713988045467364
PROD_0012,electronics,769.0088223433124,21.653852877089527,8.866156327241818,22.228038418571803
PROD_0013,computers,1628.605176778306,20.410642473132647,14.74762963609289,14.336305129635644
PROD_0014,health_beauty,643.9778728203995,34.30796651445179,10.54235272663982,6.075827000919087
PROD_0015,watches_gifts,1617.6884969511154,22.550383368227617,11.294907101105526,23.78426652062953
PROD_0016,health_beauty,1793.0712510594155,33.83596020164454,11.09404486926497,34.840565397355526
PROD_0017,furniture,1305.4323010440437,28.43172312901759,17.611801069172344,29.726921810060432
PROD_0018,watches_gifts,1111.893470519012,22.257242776721306,13.839371547523214,18.198774803140292
PROD_0019,furniture,1400.1549541548366,28.837524244780244,14.107140160530731,20.06191714687862
PROD_0020,toys,100.0,27.5635961107683,17.984729486544417,26.213943797487392
PROD_0021,housewares,1351.1291092427307,33.167062568019794,14.2898019588353,27.854896138844346
PROD_0022,housewares,1143.3230010800964,20.61323569707985,13.608731157714136,17.59524996822011
PROD_0023,furniture,1174.6859434715045,25.329648534252957,17.352251777850853,20.23924401007202
PROD_0024,toys,1553.2662564489137,24.5078745631629,18.340989217788156,22.104303647351756
PROD_0025,toys,1162.615539217636,30.63318513311828,14.26463250245698,23.877134241951822
PROD_0026,health_beauty,629.896571674421,16.798566444446593,15.403038878102608,19.068464905921132
PROD_0027,watches_gifts,1129.298664587311,33.13581638590285,11.09104885133336,19.159403284518792
PROD_0028,bed_bath,1233.7777420404122,28.73063017736333,10.696584784177372,29.658826308280716
PROD_0029,toys,1257.4669557905063,14.46459941093643,18.845737509834038,28.466644917100204
PROD_0030,housewares,1280.959683642534,34.666102603844,17.224710312723108,23.341874014052618
PROD_0031,computers,1719.6845224592766,42.87274464638185,17.27649219208288,32.033763490160496
PROD_0032,bed_bath,656.9827234829262,33.01467175639526,16.40427174362761,17.29487966441508
PROD_0033,sports_leisure,1287.850228082425,36.41587813781175,15.231016379074768,31.360814140405665
PROD_0034,furniture,1844.9648493091204,25.682971052820704,18.482059454113845,23.797608104748853
PROD_0035,bed_bath,332.6942515314023,11.70796064209192,19.675543805113918,42.89718285550212
PROD_0036,health_beauty,1289.8233403900267,10.247036390659801,19.556140025953237,11.652626512522655
PROD_0037,toys,907.3107490134782,27.04065635094207,14.496110420270066,15.17458323447861
PROD_0038,auto,1014.6448077634475,20.26416953816016,21.93496364954419,22.931584797403833
PROD_0039,bed_bath,747.596248392789,17.68338977338119,16.142303408661604,22.780638370852945
PROD_0040,sports_leisure,1115.224642149778,24.4980265282506,18.16188096282899,33.65097288922513
PROD_0041,electronics,2120.627807213452,29.924682302890304,16.410439454174398,15.321377216903263
PROD_0042,furniture,567.7848194113932,13.377939625902822,16.235033537420872,26.33442963085719
PROD_0043,housewares,615.1949987605863,21.40897903775692,11.321240048748402,28.13724103277397
PROD_0044,sports_leisure,549.0327149182477,37.07896546496252,18.50675419172413,24.932534825544533
PROD_0045,sports_leisure,2063.7091433140504,16.397692958229,29.226471974538196,13.27302560652976
PROD_0046,health_beauty,968.8301472393565,31.95808949731965,13.126024626049583,29.854311636779386
PROD_0047,furniture,1187.1804698261628,21.12215390760805,15.35497357712474,28.605274519207896
PROD_0048,health_beauty,998.6085294468802,29.36635007879962,12.768973678263688,24.19709163853264
PROD_0049,health_beauty,727.7885607984542,33.77862005762294,12.559900492190327,21.43043381046268
PROD_0050,furniture,1082.4246766927822,30.930254135880173,22.722247390593363,21.582756070310598
PROD_0051,electronics,2429.1218028682797,32.273276817711015,11.635144911362676,19.448849454324357
PROD_0052,furniture,1896.0354604871275,15.787251732736351,12.629597633168194,24.48549593976849
PROD_0053,computers,773.5310911038639,33.90927765393039,7.062535881343494,20.217943970614844
PROD_0054,watches_gifts,1523.7870515308427,18.17845508292144,11.211941377288763,14.060325172531511
PROD_0055,computers,784.2386136668117,27.076334124572305,6.458000535233261,12.659858486206856
PROD_0056,sports_leisure,311.81618057688956,27.065969495977814,18.159023496059646,14.735746224433957
PROD_0057,watches_gifts,1709.7554588323148,28.880980470956647,28.998486109186548,21.554925697846162
PROD_0058,computers,1780.0464233217754,27.695653408481526,13.166606031747389,19.811309144953547
PROD_0059,housewares,1723.0261255239498,18.249520171802214,6.666210335048813,21.507406553021244
PROD_0060,toys,965.0673753902137,14.20106070163427,19.499998322148667,23.505691934822778
PROD_0061,electronics,1116.612132999007,31.978789439694147,11.365375205349215,15.608753518581848
PROD_0062,health_beauty,1574.8827768290616,26.486676620151325,21.4967346527677,30.259621178417433
PROD_0063,computers,1395.7480186740536,34.19501472766254,13.589854761050276,18.12602421066768
PROD_0064,bed_bath,1003.1812643514779,24.642136526497055,11.840921554586096,16.966011106529436
PROD_0065,sports_leisure,390.4640899409177,13.758685114584317,14.110212221271567,23.376703661327166
PROD_0066,sports_leisure,1256.9375970710062,32.72903744803285,18.788883804680935,7.144428583374491
PROD_0067,bed_bath,1739.5048196180567,22.037035122711146,13.862896846221718,14.466258851939564
PROD_0068,auto,601.2058554829214,27.73602765936817,12.516376486031472,26.86750959084283
PROD_0069,watches_gifts,1519.3796908379886,19.820324572163848,14.005841985105642,7.838046496565225
PROD_0070,toys,1365.7708475668464,38.15441368186953,8.640724077495575,27.82301937853209
PROD_0071,health_beauty,1575.0741316161668,17.987481406534425,16.9851580114699,30.577955964513944
PROD_0072,health_beauty,1635.9877498595035,22.300561967150603,6.066367030775449,17.41381263523376
PROD_0073,computers,852.7673790373235,25.859589621578532,12.779392728172423,22.04268937198417
PROD_0074,health_beauty,391.5202999175269,16.262541383304335,18.796926044153714,27.833609593957185
PROD_0075,sports_leisure,933.2402371585604,27.644156228700762,16.515241414663585,16.732475683695363
PROD_0076,electronics,1644.5636587635036,37.89528381973992,17.95160286493195,26.07442864368327
PROD_0077,bed_bath,928.9980482370145,21.076302714450318,14.674771636405955,15.301958434085298
PROD_0078,bed_bath,852.978338071179,28.161142552253803,20.848730904927585,16.656783946667744
PROD_0079,watches_gifts,289.32482903768084,5.0,19.62349598384896,14.404644749725183
PROD_0080,watches_gifts,2076.3237772754696,24.688566396121274,17.23070502123837,22.398530394363625
PROD_0081,housewares,1612.856820712655,22.49566171259036,19.637728886567714,28.105783367958846
PROD_0082,sports_leisure,1584.9479906373822,18.45201918071692,18.752117772017883,18.71120947517985
PROD_0083,auto,1683.862693389737,33.651603757028255,12.802682433265549,11.101255880613177
PROD_0084,health_beauty,1488.3541807717008,22.390050547009373,8.280505441543333,12.421052243992289
PROD_0085,computers,1077.8355724102355,23.5801801032513,17.10181062921312,22.76219594959378
PROD_0086,furniture,1118.117947938899,21.98245700168743,17.730446154157143,32.90881489375988
PROD_0087,toys,986.2178177039376,9.665473025879388,20.452359955692827,22.756074995200784
PROD_0088,sports_leisure,2517.3703772075,15.944108479384312,10.318393624773533,17.291724145441233
PROD_0089,watches_gifts,1477.9560156497214,32.68874788896173,10.467844703614183,25.363287767951988
PROD_0090,health_beauty,968.0997793242827,8.120394824960226,17.299501331538853,18.323509550892776
PROD_0091,bed_bath,1432.74838708314,18.869477203074354,14.644165055734566,17.352003478450555
PROD_0092,health_beauty,694.5655410718413,21.80223954968189,5.57119194714436,13.290786260133155
PROD_0093,furniture,1952.2533592946133,38.948974938332526,16.875540818770954,29.859141909724492
PROD_0094,sports_leisure,869.46545209643,31.148830123970953,5.737885425055227,3.0
PROD_0095,furniture,1450.5427163112329,20.542635783575204,10.273717240633118,25.585014401954886
PROD_0096,health_beauty,1732.9888148715672,35.43610957692441,21.758406864300536,16.753785435417242
PROD_0097,toys,1392.3842721024964,19.075873435991042,24.124395089035577,17.12761487983871
PROD_0098,toys,1247.2349959098192,33.072798429872044,8.921718157640193,31.846206092824687
PROD_0099,health_beauty,1205.4010424280075,14.128982032615875,13.353042312936529,15.00108235459964
PROD_0100,health_beauty,1171.7794515564465,33.58606265431326,15.21311261539353,15.239515921801129
PROD_0101,health_beauty,911.6507555362489,21.750930836232115,23.90613463790784,19.087240327563286
PROD_0102,toys,975.2582851151478,16.771966072469844,12.535655260877991,22.896931700685666
PROD_0103,bed_bath,1939.7951868254677,23.262851095389486,12.61557988483361,16.907009523949913
PROD_0104,watches_gifts,1145.7316836574216,27.21875343776172,22.74362779231431,8.982987486248803
PROD_0105,computers,807.1018653086135,21.0420125557943,13.12605423640871,13.940112733827643
PROD_0106,auto,941.8512015692457,29.43162804796259,18.611008544832288,28.969336995251638
PROD_0107,watches_gifts,1750.1853403486116,20.33604893068746,7.614285174437862,20.52343752394858
PROD_0108,watches_gifts,1537.8033165822392,29.962979151450863,14.14383627953837,23.157610985926755
PROD_0109,electronics,1480.1645891161284,28.537776496292796,6.702015808367976,18.170051549788738
PROD_0110,bed_bath,1071.2394005451042,24.51261556233652,9.722831095221478,15.383516126787113
PROD_0111,toys,1486.6812350864725,21.4689415010724,19.19600677576132,31.742986149127876
PROD_0112,health_beauty,878.219437524676,26.21232636612213,14.750473044566437,18.682657000642436
PROD_0113,computers,1070.1929843271128,29.402029944269593,13.404471297235126,16.89641084331011
PROD_0114,toys,1684.9022436958726,41.49439322185287,11.256251880095412,27.672996564487377
PROD_0115,housewares,1637.1388394595322,32.515363374385444,13.896719633793586,14.943477487928304
PROD_0116,furniture,709.0450770245984,32.80791959852673,16.505565835503468,15.836908593582024
PROD_0117,sports_leisure,772.2367735457121,49.70809755888227,19.91458103230881,20.071726788118287
PROD_0118,computers,1254.3510764067048,29.127667814142754,3.0,20.00189072861726
PROD_0119,sports_leisure,2063.066187334755,28.87714809049362,10.841194128685952,21.8172794353225
PROD_0120,watches_gifts,242.2174177655029,30.632120594573234,15.795481210945029,34.641683625768415
PROD_0121,computers,1339.166469785252,16.928272179293977,14.50568442018857,22.353737724466594
PROD_0122,sports_leisure,511.9783342134259,21.44878690864995,17.016881212633624,3.353622260744398
PROD_0123,sports_leisure,882.8345032372272,20.95064586646133,16.33770143063277,22.284092604020927
PROD_0124,bed_bath,1017.7857909678793,30.180911817756495,13.475660685032963,20.26515996142719
PROD_0125,sports_leisure,989.7458282815545,23.60660350223041,12.365734020064114,20.304150170460204
PROD_0126,bed_bath,933.1020301703958,26.105787403794423,13.772492551322495,21.721631165773196
PROD_0127,toys,1203.603530188185,33.699636961187714,20.743711749113714,19.799251986276403
PROD_0128,housewares,932.3722166847108,31.90520590963311,11.339960335471428,19.63171534861228
PROD_0129,health_beauty,468.77130757292366,23.706231975670022,14.685966384280222,24.291309468395504
PROD_0130,furniture,1589.934806261388,19.64003922497422,15.916711069992106,16.205434419638493
PROD_0131,toys,1576.4360835744403,34.08219785322551,22.801754649372292,13.366195650525771
PROD_0132,bed_bath,1621.5871550113345,31.191129447278925,13.498458708818434,41.16647016835674
PROD_0133,bed_bath,429.6327518679591,12.149945453636942,19.794033280054805,14.988997893531366
PROD_0134,health_beauty,1349.4590762920755,22.494768488733754,21.15989701632511,20.701000387220535
PROD_0135,health_beauty,1537.9894279034618,26.324123696134098,14.681228675046759,9.530378243872429
PROD_0136,auto,684.3989657802075,31.23063773696825,13.946405104616188,20.815278905359953
PROD_0137,electronics,1204.5866240910646,32.28081195951817,13.354731639758919,13.467421145174654
PROD_0138,health_beauty,1141.8666773448172,27.271248009403788,13.720884328787088,16.902689400049923
PROD_0139,furniture,2121.075329284132,29.681980250870847,19.271199302884163,27.315452660397867
PROD_0140,health_beauty,2162.2480185062864,25.51309441902523,16.15504988627757,23.304066978646517
PROD_0141,housewares,367.82180333489964,19.609186494555516,16.176448545849347,23.978866672023734
PROD_0142,furniture,2446.963502863995,22.909884871669966,9.373882448100826,7.601566131256961
PROD_0143,sports_leisure,742.3871394233381,25.151929493120868,10.162549613123828,32.858266188803086
PROD_0144,health_beauty,1690.3366471637128,24.72256599985128,25.7172341238849,11.656830823406874
PROD_0145,housewares,1685.2489904318654,9.915416764452235,14.110871373556552,30.699925700057054
PROD_0146,electronics,702.1548865790967,21.82013332056455,11.1261400221082,27.150807061870402
PROD_0147,bed_bath,1446.6338969195494,25.449645224713215,22.15549582794649,24.04132919249276
PROD_0148,bed_bath,1146.233127866968,22.749040064754393,16.40904274341776,14.01510653364133
PROD_0149,health_beauty,1477.1650023161953,23.025409635907316,17.890774584322607,21.06112891373666
PROD_0150,watches_gifts,1315.3361511903129,28.9039309664367,14.309764623592333,16.703550125485982
PROD_0151,housewares,1798.1697426851233,16.36834250361093,13.40663454711598,20.203277000537042
PROD_0152,auto,1237.699771573031,11.97566228839031,14.152068137513549,18.25089418640108
PROD_0153,furniture,1116.0629652868445,22.214641673306602,8.086309148506867,5.729726453993141
PROD_0154,toys,1748.0321165285902,31.112915244014317,14.560362952900512,27.852489056892118
PROD_0155,auto,1490.1979824293016,38.500424315893106,16.480165385213088,19.43224990415447
PROD_0156,bed_bath,1565.9066971604439,31.25702591275792,24.25231616921877,16.60639720348434
PROD_0157,watches_gifts,867.7066638707016,13.253889921049222,15.429995325026077,16.077709370191627
PROD_0158,sports_leisure,677.368609300763,23.14106208498583,3.329114788948475,22.509217034567378
PROD_0159,sports_leisure,916.1389283736492,27.053075048652236,14.530072836076894,13.743705631938695
PROD_0160,electronics,889.5893071597056,26.420728935388738,28.69752066554153,4.213771090681696
PROD_0161,furniture,1593.0996343264571,29.314436423542993,19.3318311749252,22.84990862245793
PROD_0162,electronics,1687.992025147026,17.663608428313914,10.945555280957056,23.633720985697753
PROD_0163,computers,1122.4348552338,25.51954470040594,17.955532572152784,18.60257722725657
PROD_0164,watches_gifts,1915.4595094121762,28.362582638209034,11.289932875551298,11.964679873669938
PROD_0165,watches_gifts,1884.234696882565,31.605367626429278,8.230962402265712,20.622548786224996
PROD_0166,health_beauty,1321.6994582002696,18.554254667097663,13.25815318382964,9.748273421804878
PROD_0167,bed_bath,789.05411422848,22.238745062056815,15.457632196194306,12.809385823186386
PROD_0168,watches_gifts,1987.6883247177702,5.0,5.63922248783302,14.745114444470872
PROD_0169,health_beauty,1169.491324485796,20.028304259377805,9.25420354730682,25.907573496240893
PROD_0170,electronics,1263.0825982154872,20.804680856231656,15.051677815911773,17.461723346941582
PROD_0171,health_beauty,1030.1974871967157,16.843323934660454,12.959134120055229,16.864935117564777
PROD_0172,bed_bath,755.1048368514012,26.324897201861212,16.974056355730454,33.68284760787873
PROD_0173,auto,465.680284842354,24.552436543637853,8.926658363457193,22.467237480320996
PROD_0174,health_beauty,1516.434161778644,6.926288979379109,18.570568742766504,22.37296157332378
PROD_0175,toys,808.2994730516898,26.72406375441405,9.081204514699024,17.412094783538578
PROD_0176,furniture,2729.7656144984117,17.57340695368778,23.213671509688147,15.825398326542555
PROD_0177,health_beauty,656.9632086937605,28.88551167352412,6.421208578108416,4.695154919879947
PROD_0178,furniture,571.308762509315,14.745190018170677,9.537228648082937,26.781183723464906
PROD_0179,housewares,1455.0693578067205,25.24005230824752,17.086854015159147,23.138167940294654
PROD_0180,furniture,1964.6567394836477,22.73469336890795,23.32116625748819,18.745838047506105
PROD_0181,auto,1232.2948284716108,27.42481507960264,16.575215180580855,19.039413087146208
PROD_0182,furniture,1486.1212100936373,25.997578221210773,17.814289600911955,25.153009835827387
PROD_0183,housewares,278.2262912706452,22.958686599828365,15.087684508365292,9.117029488441029
PROD_0184,sports_leisure,861.2442271541166,12.709821487646042,9.868007729424033,15.870830679123362
PROD_0185,furniture,663.1921354312165,13.182336292311748,12.549308258803103,12.045879959752288
PROD_0186,electronics,252.47707502605942,20.32890448726225,8.940451400093616,32.40056497740722
PROD_0187,housewares,1258.4901170119435,24.933760928563306,8.606450161115642,26.129588722973104
PROD_0188,housewares,100.0,20.134016422407065,17.00874459659873,4.58115151205245
PROD_0189,computers,538.9020169562756,30.001695444635725,9.384110089560192,9.403668613520171
PROD_0190,furniture,931.403102993291,22.76623264630653,16.597770033616808,19.073580286497595
PROD_0191,electronics,784.3570820244619,17.279898201763917,8.490886238894511,16.692918515493027
PROD_0192,bed_bath,1398.2042511035338,22.775229656096727,16.481915100583773,10.729324543461782
PROD_0193,bed_bath,1352.79009595124,26.806878690532418,12.556587155185188,33.61333566355343
PROD_0194,watches_gifts,1646.8993729677284,27.599077750596674,22.03307766825322,22.187779397878053
PROD_0195,watches_gifts,1576.191866356339,40.02703305594503,16.618594477895325,23.32371426004164
PROD_0196,watches_gifts,1770.4063946806905,19.648725279972645,21.178914464970706,15.155895355374504
PROD_0197,health_beauty,1199.040799995473,24.412170707276797,11.221766417874036,25.055919030246017
PROD_0198,computers,1351.7334504083349,28.40899157455541,15.280716701220836,17.33697067312592
PROD_0199,housewares,1455.7568509595956,24.812616326393478,10.094564209418609,18.016597784047505
PROD_0200,housewares,1270.828348695513,20.995054832090773,12.93197378627791,24.277013718776818
PROD_0201,housewares,1001.402845041463,12.605942589246052,13.689478886276854,8.597017044577902
PROD_0202,furniture,1033.778732830115,20.913323527575876,11.370708896564304,31.17919501895688
PROD_0203,housewares,791.2208008350173,16.41038069825759,8.922485705771525,21.27672450306713
PROD_0204,auto,1410.8084149549147,11.187146551009773,7.932413381736736,28.966609461462973
PROD_0205,housewares,1152.9924129574222,18.63456926663531,3.3012594214630138,12.47206170366827
PROD_0206,watches_gifts,868.4131246816175,16.623266233868364,9.718267682482711,13.537844131802649
PROD_0207,housewares,868.8775903377036,29.670292362343584,18.137469483359222,11.866698448801314
PROD_0208,health_beauty,594.8006361086058,29.80873469931435,7.007507339933586,21.75208370865387
PROD_0209,sports_leisure,1689.4206706185998,17.768965683353002,8.159385768733475,20.461883113427724
PROD_0210,watches_gifts,1239.3088347658938,22.918170955495032,23.954492856164578,16.749117265381734
PROD_0211,toys,768.5999902133649,10.134058703099717,11.81751975075873,12.901515649803045
PROD_0212,housewares,1604.2738748010092,21.04528039853845,16.60523004582418,11.133826111884103
PROD_0213,health_beauty,919.7755951028136,28.191855205618765,18.211585732502474,19.660612696705407
PROD_0214,housewares,496.7496864938837,31.59950311691282,18.3126306489064,16.7408925428798
PROD_0215,bed_bath,1710.6111446095665,19.29562334646949,7.388428846959702,15.200751053492164
PROD_0216,furniture,931.4515052169435,33.41483888422016,13.84470160050255,30.829626402921267
PROD_0217,auto,995.5504548956053,12.874464627892227,6.908863652408039,19.423720252650863
PROD_0218,housewares,1220.5900101745888,15.01897760684966,27.23158929455162,28.89030053748848
PROD_0219,housewares,1771.2946113950575,30.67729492510301,7.025623679921999,16.267234721221122
PROD_0220,sports_leisure,1210.0186454331558,38.36896982850598,9.7607989056509,21.713433986590598
PROD_0221,computers,600.4414369273849,28.947455905469564,9.796995725792478,19.611667886205655
PROD_0222,toys,1471.93850205609,24.677260907727902,7.516697616385598,8.116643833373141
PROD_0223,furniture,957.505137869138,7.438530027822331,21.762969548782728,29.99836814384739
PROD_0224,watches_gifts,2143.961985764733,8.820423551652166,27.112239505417477,19.05392475077309
PROD_0225,sports_leisure,1199.4401390010548,26.035276295166952,12.621254403436913,25.224927537430723
PROD_0226,health_beauty,100.0,22.135498643430605,8.39788426577795,14.735798942769083
PROD_0227,bed_bath,1378.682486077837,16.153318542783055,3.8153725063698936,18.84608932894165
PROD_0228,bed_bath,2172.2988961301144,25.524260646640407,13.779456407389493,13.932033480536518
PROD_0229,sports_leisure,1987.9601442726948,25.921050940062475,13.418172884192781,28.651989379343753
PROD_0230,electronics,2115.477144378283,32.55532694832218,11.743519368199276,22.17986543215473
PROD_0231,watches_gifts,690.1199073092682,26.092818264101606,16.10687626988114,22.569374686766217
PROD_0232,bed_bath,1656.0761979883894,34.82715494667508,16.975865714077433,29.507289029734853
PROD_0233,health_beauty,839.0027301316442,25.063952236390506,16.615416289689502,28.094389078293162
PROD_0234,sports_leisure,1312.1446997084622,24.077320041541313,13.419375640157565,25.357397752953997
PROD_0235,auto,563.5237856301337,33.51449748997746,9.49189085212869,10.04790857073776
PROD_0236,computers,877.7721175586419,17.172472959668525,18.329165489033578,15.130246163383216
PROD_0237,auto,861.8766513181923,47.515579626129295,15.062568797107652,12.972783047920531
PROD_0238,auto,1649.277640071308,28.002059825333887,19.44178762417325,25.092735855380596
PROD_0239,health_beauty,1600.3595608348278,28.046634022701383,18.950377747361156,21.19456359225036
PROD_0240,housewares,1338.4098646654104,29.20076779178078,7.891189654764422,10.266412964585836
PROD_0241,electronics,524.7892909723073,40.01709180265314,7.828888962711984,18.678790508921406
PROD_0242,computers,1044.18028302514,31.340059293380854,11.222296406297358,9.541213649968551
PROD_0243,health_beauty,826.9417585286369,12.159552167968611,9.71867295854666,19.627904583511683
PROD_0244,electronics,1634.8378783472456,36.227763078140036,18.776258879880505,8.412392472089707
PROD_0245,toys,1789.0924264085922,22.272827364439863,16.756548379939588,23.701792453692292
PROD_0246,watches_gifts,1728.1927930154416,25.85724058271459,20.495919968926554,22.645738382238516
PROD_0247,watches_gifts,822.3902902914897,14.765968222597868,16.982434087054592,33.35563945342817
PROD_0248,bed_bath,100.0,29.209616144991166,16.043247909366844,25.935113026481396
PROD_0249,auto,316.5190509349728,19.78900567945958,20.998648901720852,17.03960020924248
PROD_0250,watches_gifts,1910.8134890411043,25.80135710394779,17.348636698675243,25.726490652921402
PROD_0251,health_beauty,999.372530340088,22.727207957113738,15.340504817188593,10.21635283338375
PROD_0252,furniture,824.6376908674438,40.40010241388681,22.402265169653425,13.262691774232401
PROD_0253,electronics,2021.330146718117,40.858082401164715,15.57590441576395,22.33199772452577
PROD_0254,auto,1832.5799727441636,25.37210536171793,13.478296975410391,4.892252360764509
PROD_0255,sports_leisure,1212.2243609598934,25.51182169095084,10.810883706111753,19.73987450546282
PROD_0256,health_beauty,1053.298454468013,22.01245626920388,18.515127295227057,12.858156955171054
PROD_0257,electronics,1133.9493935934374,33.84805033202229,21.185252709212342,20.709149386072845
PROD_0258,electronics,1313.581399193733,22.36864103733298,14.74706299283285,12.455845493669155
PROD_0259,watches_gifts,2000.0236406598042,21.629301802834405,21.539578118899193,22.96973696218632
PROD_0260,housewares,1411.2337121186133,32.828742909319715,5.14992484014212,20.135291965671726
PROD_0261,computers,1563.0145165195706,20.693607237466804,14.722733125960426,29.80256141816931
PROD_0262,computers,1784.6350545350856,24.697959724411756,14.799525439477819,20.047141738711353
PROD_0263,health_beauty,615.1619994877906,12.349513747912058,11.365028137963264,14.619500365269737
PROD_0264,health_beauty,1577.4309462370215,30.633522760985336,26.919305189909366,18.27179900920902
PROD_0265,bed_bath,1052.7156226691943,40.52693551345495,14.669036836556193,10.59034522088288
PROD_0266,toys,100.0,30.769802982398335,12.961346141977835,22.84296078293808
PROD_0267,bed_bath,135.915229007094,36.69439334037844,15.129810567167524,24.128951724206907
PROD_0268,bed_bath,690.9411942406572,18.231182910581353,4.985931307370851,37.28437225684972
PROD_0269,watches_gifts,1465.6116142962908,26.890594256225604,11.200660373275424,15.647148065769166
PROD_0270,bed_bath,1256.8997826701482,17.454720605044884,19.91619984722702,18.12543798427372
PROD_0271,bed_bath,1292.183353587832,23.177875635349256,11.855273225336127,15.96969032893249
PROD_0272,watches_gifts,2175.471741343346,31.177691818820037,10.855624185998643,21.484795907918567
PROD_0273,sports_leisure,565.4551925700938,25.81456490482639,21.547628182572,22.671833741357297
PROD_0274,housewares,1186.2833229081382,13.698871819190227,21.701272004759144,19.626376089000424
PROD_0275,toys,1352.2177614069078,14.479767155697973,17.58495236080571,27.604281418111224
PROD_0276,bed_bath,831.8634417308323,13.95068854807381,12.724413329806664,15.681143473716556
PROD_0277,toys,1214.1633725414704,28.931620719516722,13.802644674418381,26.903218335234985
PROD_0278,toys,400.0253329578276,41.51115628525335,10.979250192125205,23.76948497548758
PROD_0279,auto,1904.9531086375139,35.899665952001705,10.026134404856776,19.915790560707375
PROD_0280,housewares,859.1927237347832,9.832118406831485,9.777917558457839,17.795443514699983
PROD_0281,housewares,2215.7000823892513,36.36860750455827,11.909727966073962,36.986674311119586
PROD_0282,housewares,1183.7628380412725,32.49120333611718,9.826395046576275,14.280939444805444
PROD_0283,furniture,1714.0267826995914,12.637600435769938,7.181474407284255,22.085532238778903
PROD_0284,health_beauty,1173.3485655044228,22.57438706631602,16.09701334876953,14.748466508305071
PROD_0285,electronics,1184.628083869735,33.76417929196648,16.172977904467185,32.49934524034914
PROD_0286,housewares,907.9853333889961,29.40346808747828,23.503963792141583,26.207784301594426
PROD_0287,auto,1259.5619646831387,14.527239580896115,11.658308158226486,15.251550848111991
PROD_0288,sports_leisure,1358.9993472070237,29.885937246369554,16.480502948116353,23.5881649540186
PROD_0289,health_beauty,807.8707455424101,7.899995231355298,16.56356289637401,21.803870048935888
PROD_0290,watches_gifts,1137.4777920700578,23.21742259394231,13.730812194372335,16.38362666617683
PROD_0291,watches_gifts,894.9505669714431,34.10365415520039,18.72166794374838,25.307149520597214
PROD_0292,computers,2349.8320348074194,25.147153724570558,18.87614593425357,22.725137737730872
PROD_0293,sports_leisure,1155.1346150441907,21.008499600304432,16.6370554759877,21.509890997201666
PROD_0294,bed_bath,1972.6160758482797,32.114770030178796,13.721801474761023,19.7065620213037
PROD_0295,watches_gifts,1102.1888345961559,32.798014520692654,13.212349457227324,23.017381448197558
PROD_0296,sports_leisure,1329.643820767454,35.4803175429356,8.161230506014704,21.605713630447216
PROD_0297,electronics,539.3179641773654,31.994739427571098,10.970411106911541,20.413653331175123
PROD_0298,bed_bath,976.4637040660677,33.65099835149717,11.88996238049156,15.512888588087055
PROD_0299,sports_leisure,1305.2673353946234,30.863268459500276,9.380141187852828,31.85636368533745
PROD_0300,sports_leisure,1993.0019154799334,27.124229192931775,17.19961983343832,12.647060396560171
PROD_0301,watches_gifts,1310.9913888381357,25.71607199811051,20.98313934493505,22.993453532158213
PROD_0302,watches_gifts,1891.8601805964995,23.101922247220784,10.459687838354249,17.75831480388997
PROD_0303,housewares,1520.3645551014602,15.301053655522194,16.417207178723185,32.3168308861451
PROD_0304,electronics,2013.700669732343,17.35750792944153,9.82944430235145,13.675622239433116
PROD_0305,sports_leisure,1170.4788913474722,22.743884144518322,13.47538914530419,14.853157167677676
PROD_0306,furniture,2395.111355325902,26.931617276819434,11.548352104111121,13.211273557167223
PROD_0307,health_beauty,957.3018985429385,36.526500784034106,18.009478243032206,22.26425535665427
PROD_0308,sports_leisure,816.7690829011656,24.6656221769959,11.60605913078911,10.388645383019508
PROD_0309,computers,594.9735751554829,33.027810327021314,20.058302068533234,16.650300536695635
PROD_0310,health_beauty,2365.5123357790353,33.634525251456964,13.771396131689006,4.933439240020007
PROD_0311,housewares,1609.7237863089488,23.14842561848967,11.751981452025845,21.682949478896635
PROD_0312,housewares,1032.9396333098457,29.75752169096147,8.733473688274184,16.49849598870616
PROD_0313,furniture,1824.5113484367475,23.05177566620111,16.26602255147675,9.583602792477029
PROD_0314,watches_gifts,1543.846092558891,35.57708715262781,19.476092011130902,27.59926582081841
PROD_0315,housewares,2183.063735687795,30.086746706127457,16.366606282684373,10.846331711305425
PROD_0316,computers,426.08358363004436,15.476129962493157,26.19415833207212,25.578605830197507
PROD_0317,health_beauty,1067.3199458428728,26.292197217230775,22.148937262352092,15.092714232085369
PROD_0318,health_beauty,968.7393080285873,38.18489729459104,13.462361176414921,31.210999645267982
PROD_0319,housewares,213.15866179569923,23.550151723626392,13.409862830964654,25.24685377248302
PROD_0320,electronics,1730.163602389847,28.581720240760546,17.348483597426764,12.943664903881803
PROD_0321,health_beauty,1064.8017220983209,29.367030701913162,10.809904097871573,13.580422134527856
PROD_0322,watches_gifts,1569.8156024932812,16.707016806683196,20.83144153266243,24.23867643657017
PROD_0323,furniture,2379.885967164806,29.085663593708112,16.80800260921792,18.16335308502883
PROD_0324,auto,1023.3781540861959,13.849318783722994,16.282294554292665,18.81460245085044
PROD_0325,watches_gifts,989.4235086714224,19.99500714878883,18.43476833885408,28.905672032404684
PROD_0326,housewares,1259.332084861998,33.60578373995354,23.614149416845294,14.759177886410304
PROD_0327,furniture,1693.6236764917048,27.854050322466865,15.854776760937526,20.63905640522818
PROD_0328,toys,916.643487344925,22.564177538027785,14.434798145643079,26.68239455556614
PROD_0329,health_beauty,884.5192014339348,28.5716881699615,22.54359811661289,25.6638224186992
PROD_0330,electronics,1728.594635120683,24.519262017958948,19.837752079955678,18.882711327355292
PROD_0331,health_beauty,1389.3196619190178,25.100628018814668,13.395100798081389,17.97765883403139
PROD_0332,toys,177.63586849758963,30.2545482137611,15.0259322432951,7.82829176235348
PROD_0333,health_beauty,587.304100265446,19.181058074726945,15.976904579693993,12.60628505134363
PROD_0334,bed_bath,1950.6179319136052,25.322691244437525,16.809064723024914,22.228514586023135
PROD_0335,health_beauty,1400.9641415394062,22.501854443146776,8.21700074530443,19.034824677404348
PROD_0336,computers,818.9020344813755,12.315173003197955,7.287576960992199,20.524489549963583
PROD_0337,sports_leisure,1114.795171382509,17.636353950005603,10.563049889987731,27.27477526743842
PROD_0338,bed_bath,1206.618336400835,37.54565157651066,10.176307784943289,11.68873823656408
PROD_0339,computers,1567.8666801400818,28.077786516681872,11.780879930137488,18.34673788437145
PROD_0340,computers,520.8683025706052,14.411293588788887,18.17355321045002,21.320976743878525
PROD_0341,auto,779.525430664771,12.677164993212715,14.155354218376308,15.070880436978388
PROD_0342,toys,1336.4778774316944,24.102688799115327,15.98197302505094,30.020339797491918
PROD_0343,housewares,1150.082709752275,37.489492265411855,8.878482949788692,26.360107611292033
PROD_0344,health_beauty,1485.929591318355,23.505934921565178,12.691788985395274,22.030933289621288
PROD_0345,sports_leisure,585.2463013202012,35.45599642723213,17.9362883087242,32.5596224553001
PROD_0346,toys,1378.5643381356606,27.815446166549258,17.97476229088401,9.507733042729004
PROD_0347,health_beauty,1745.791809688736,28.77000366276715,11.377130859060461,19.94591603226023
PROD_0348,computers,1443.4092735746417,14.314235925563445,15.808311931897768,22.564358782538427
PROD_0349,electronics,1269.5558698807959,32.50018337399806,25.99423926741166,13.598114672442545
PROD_0350,electronics,1152.0581987170146,22.320543701811143,14.91201035372181,22.1050017927241
PROD_0351,computers,782.5744236142491,31.904739628887267,11.534065269287773,12.253922543484853
PROD_0352,housewares,1164.0007037801058,18.486640144111096,14.131188053189199,24.83390122791977
PROD_0353,computers,1829.852926440203,26.4163947800793,15.460885537634166,27.404843376902345
PROD_0354,furniture,1140.4857466999374,27.816023631501054,14.244158096547253,21.9063338078983
PROD_0355,health_beauty,755.0980053257949,23.767733467393068,14.843226496617492,7.03041529454538
PROD_0356,bed_bath,953.8764556173069,28.236361544689252,7.782766015315802,13.232445351837757
PROD_0357,housewares,1300.425148637965,22.86882339845993,10.186847624570245,23.952970022492124
PROD_0358,bed_bath,1013.2430014095766,19.807521975669765,14.253323814642512,20.148390504586562
PROD_0359,housewares,1442.6516415315702,37.84386706235172,14.173660149887816,3.0
PROD_0360,sports_leisure,1461.4218803745152,33.391622930891536,12.169053625699997,28.69981268707768
PROD_0361,toys,1644.491590202324,18.913082039614586,14.114932069617815,20.956595543776828
PROD_0362,auto,1911.7797361325165,29.547554444756905,15.305074277071027,14.266477351999685
PROD_0363,watches_gifts,1697.9293621861805,19.058569162390775,19.447067282622626,26.96468918296665
PROD_0364,auto,732.8804679260201,15.522522850701407,14.503941323869746,15.257219909651708
PROD_0365,sports_leisure,748.2327767118638,33.270475531191806,16.995516026491266,15.180835176770497
PROD_0366,watches_gifts,1162.1142617700878,11.367202994820754,12.291998492830395,22.508468557098254
PROD_0367,bed_bath,974.4123213802927,32.41484730861233,17.86047861799241,32.46726921469606
PROD_0368,toys,630.8366365195286,22.978221499415532,16.878651488061784,31.365110245810204
PROD_0369,auto,979.1541029135028,23.30762717535577,19.329085015899096,22.517980492328746
PROD_0370,toys,962.7435331904805,28.278009756986318,18.567302312222438,23.23669961195224
PROD_0371,toys,864.076130119397,29.64959049595402,17.94367811440573,25.540492524593773
PROD_0372,electronics,1042.1052569224971,18.389254585368732,14.507912956711099,11.201114272414557
PROD_0373,bed_bath,1789.2254251591655,30.741804870000507,16.22469613522234,24.509038360063876
PROD_0374,electronics,1299.6190206246197,25.906964304201786,20.31754464225763,14.861485722995303
PROD_0375,watches_gifts,2435.904538027735,14.951561657055695,11.739627152986028,22.229346467576065
PROD_0376,computers,1285.2540930098246,23.641004131362088,11.857961106515672,18.40772660674864
PROD_0377,watches_gifts,1054.967113031374,36.05023212447141,15.90715698975181,23.5084582897995
PROD_0378,sports_leisure,1202.066441327433,38.412758385965574,17.076398451327268,20.82672425504522
PROD_0379,sports_leisure,1328.24598922177,30.73878766086942,10.879467503679978,3.0
PROD_0380,bed_bath,1417.6269785855318,15.47725209465304,14.626187182933458,21.252241981936265
PROD_0381,health_beauty,2238.3556629295117,28.924855219647107,14.530006128856076,24.49507066609484
PROD_0382,watches_gifts,777.3397675112158,31.806887230873542,3.9235994219826473,23.121498438369176
PROD_0383,toys,1629.5230290888678,30.80566386654978,13.902030053706202,19.281898376539942
PROD_0384,housewares,1303.8752988070619,31.279634309503344,14.213410835757669,31.495131843512844
PROD_0385,watches_gifts,414.4511287146912,27.906104633980245,14.198535285884905,22.17961190385163
PROD_0386,computers,1585.3493910473817,24.42070128935565,22.079571372886342,23.063713101351745
PROD_0387,computers,1833.8117804019525,20.13306003276785,8.921008507455623,27.311443258353982
PROD_0388,bed_bath,771.4117981112852,9.81651585198803,10.876887143976937,22.53815099787619
PROD_0389,auto,1195.5330660540146,27.717134133706807,3.0,13.713875726100575
PROD_0390,bed_bath,337.32286899614826,26.48842274921751,12.595416669129296,3.0
PROD_0391,furniture,570.5967701578318,29.46060674259853,13.021782229369995,16.66015368587343
PROD_0392,furniture,1724.0147888086262,14.299650453656847,12.450114118328719,25.326618681167815
PROD_0393,watches_gifts,966.7917469962828,30.16013351452048,20.5383866974188,17.52832568007536
PROD_0394,toys,645.5985125309804,41.43636075696622,19.303087611684816,25.608248605972108
PROD_0395,sports_leisure,1314.7301822292147,25.62760104622329,15.38928362133652,21.04109723144191
PROD_0396,toys,938.7937842844883,24.506677446347673,13.14693473230069,29.01646249183529
PROD_0397,furniture,964.589171112232,27.472018848685607,20.130948340534317,17.933483050155374
PROD_0398,auto,1569.6630128374516,41.2586961976827,14.901210700820743,23.273303785973816
PROD_0399,housewares,619.1333205328267,16.81081790640087,10.90864980540771,23.541195451747512
PROD_0400,toys,747.3173936590839,26.62565546715124,6.418756612577242,30.511213108418353
PROD_0401,electronics,1277.0399960744344,18.602740621618846,12.793427530521587,8.053538855660054
PROD_0402,computers,1684.7048953741028,20.62396223324004,18.773218085863043,16.791142078127898
PROD_0403,auto,1819.0801507449248,24.603277536944486,26.382693447715447,25.93961273771953
PROD_0404,furniture,867.4691398191885,35.77858593290847,15.30805173094738,30.821275358450535
PROD_0405,computers,1668.688483459824,39.40792480550989,11.173222424398478,21.680500588494564
PROD_0406,electronics,807.9288532647956,28.58513715701365,9.07517395857893,17.951070849049593
PROD_0407,computers,2113.1046734534,21.987242215812117,17.759774481527995,25.299828580721112
PROD_0408,watches_gifts,633.1144872901358,44.94191093310815,6.176919738078658,26.080918726621782
PROD_0409,health_beauty,1864.2394053958656,21.57956414936384,17.751725507024442,17.48236824932885
PROD_0410,bed_bath,871.7569465906381,20.430912685122102,19.088558031314562,22.312151185242822
PROD_0411,toys,2206.6232273973,10.800455643370185,17.18139726616432,28.263690836883786
PROD_0412,computers,1495.6603644262423,36.16873255395795,13.901691640307213,33.233212952921164
PROD_0413,computers,691.991735295889,32.74596473897035,17.824703267734073,25.198234714647043
PROD_0414,bed_bath,938.8807602287466,44.34244428893157,15.8546918556415,20.30897227665915
PROD_0415,watches_gifts,1590.590602611871,13.883813182254993,11.109380790697042,19.621473767734642
PROD_0416,auto,1726.3222088077807,36.665366459832875,24.252061611875128,23.90177590035536
PROD_0417,toys,1164.6422041377687,25.56108414692902,13.241603101947419,19.19029010264385
PROD_0418,health_beauty,1222.3291404817332,31.44880173440109,18.878761502249546,21.327483493156716
PROD_0419,watches_gifts,1579.1765163220327,11.817782871164232,3.0,12.594866148283877
PROD_0420,computers,1265.89921350541,36.74465458132238,21.382354413904643,29.079400375438112
PROD_0421,housewares,553.2475703308121,31.292134010654642,22.34381872327291,12.018706909959251
PROD_0422,computers,793.5129876799097,24.68871972171026,15.149168935633192,16.975217676828912
PROD_0423,computers,1317.5599715758326,30.160901501288972,17.793855173688794,20.683152825962697
PROD_0424,computers,1807.7412082488468,18.876037591662005,17.792575908037815,33.93690815922047
PROD_0425,housewares,2007.9912120810238,20.364479315346404,11.786082151796379,17.041219106033708
PROD_0426,watches_gifts,1589.7647103857253,21.29244309099683,17.735611527196703,15.337889302277226
PROD_0427,computers,1343.6453805181818,10.178177106477776,10.956847650637222,16.144281578663445
PROD_0428,auto,1574.4069429912386,31.894067953626937,11.956215381773369,31.61228017327919
PROD_0429,furniture,866.6245748965722,34.53274891346053,20.634715716061493,3.0
PROD_0430,sports_leisure,1123.384519870893,19.389246801889268,19.87328845350101,12.980833914959891
PROD_0431,auto,787.9346393302617,27.78562412755855,11.468122489421038,39.119020964116864
PROD_0432,toys,575.6286946461443,22.87567620296611,11.332118282494797,24.136174514441457
PROD_0433,bed_bath,1366.7745058181024,27.626191696648245,11.77201698771164,12.25810535462546
PROD_0434,housewares,1292.7566532923718,19.979382070311765,18.663197832327455,19.706574124776598
PROD_0435,sports_leisure,1543.8262422545065,17.93259875129891,10.000076095948014,20.47218196247503
PROD_0436,furniture,1473.0559154462235,33.41659908818994,16.783563195179763,25.922876721339243
PROD_0437,bed_bath,1321.322135661931,24.48903531900406,18.734234053171473,32.87651401975795
PROD_0438,housewares,1478.3083328387772,41.1768716068278,14.5587727485345,22.71986176895451
PROD_0439,bed_bath,1178.6584518862617,25.37047971835312,20.050318484324638,16.221481878909273
PROD_0440,watches_gifts,1406.4456976112003,17.591375677196062,13.478449152551038,25.50959109468743
PROD_0441,electronics,836.9277986568202,34.81552701148751,13.930721995030428,15.112231121959972
PROD_0442,computers,1384.8529628195652,30.046401313168158,10.113768844340719,12.766637528076794
PROD_0443,toys,1534.2088426430046,30.814982909571388,20.085886738101024,7.680637896304884
PROD_0444,electronics,865.1592859638985,34.524805430943346,11.167397765105648,9.044101238497195
PROD_0445,toys,1225.9160494964233,19.777629649233646,16.748859088575298,13.724883907130096
PROD_0446,bed_bath,888.1987451853201,23.9819735281177,14.643419664370326,11.755471626093902
PROD_0447,auto,936.7466517419425,23.628401348097654,9.736084684441687,22.19265569162302
PROD_0448,health_beauty,637.5353224489227,14.674027704675053,11.954484280883396,11.604187219231752
PROD_0449,computers,1832.8874625832777,22.891278798734053,21.914361195203668,3.0
PROD_0450,toys,1732.842587360024,35.691035663014596,16.008287713172404,12.69261757787374
PROD_0451,furniture,1468.7169271136686,26.898704830350777,9.95424829316579,16.696982465950065
PROD_0452,watches_gifts,2186.097975971907,14.231509377240098,16.52664143674346,15.761853584896242
PROD_0453,computers,1105.377151715804,12.55328470668052,14.269429842027275,30.63667275516429
PROD_0454,auto,2715.881207555317,38.318208469986175,32.27023201122091,15.705202084975948
PROD_0455,furniture,1086.2352923183898,24.27744791795896,16.42561920671136,26.166464242394383
PROD_0456,computers,1327.5966758780082,19.82071835438706,13.096875764668177,19.867121802233967
PROD_0457,toys,1001.1110430298959,22.808065880823975,22.10013958893552,19.70386692029181
PROD_0458,bed_bath,1386.1627800301526,13.181537965461343,5.794819163535772,14.152337978063741
PROD_0459,bed_bath,1617.8074639431222,36.38476119609296,15.471600781905487,19.58852143893463
PROD_0460,housewares,1143.041803473458,21.855576499311763,24.972142473405363,14.64432711171808
PROD_0461,electronics,2088.3599235588104,35.939212221907376,14.41900357820123,21.190170199781992
PROD_0462,bed_bath,1319.5746423167304,25.41321371557852,6.333494776759606,18.34625257163418
PROD_0463,bed_bath,1335.2426930550996,36.43625579654752,13.020410177947012,13.387604467658798
PROD_0464,health_beauty,745.5011527431412,27.053555992344684,22.272590204795186,26.943260377904167
PROD_0465,toys,1409.2495372751923,31.825861302952607,16.880347981603855,22.98788336014998
PROD_0466,bed_bath,1132.9863895953172,30.752744368706693,10.805719452437412,16.863560861004263
PROD_0467,watches_gifts,895.8801353313565,29.986328530015765,11.57378596410488,21.01845132924717
PROD_0468,electronics,811.7627959258181,27.783475817461685,12.201498644250933,19.413242349486254
PROD_0469,health_beauty,2535.8816898783425,23.13719427107532,16.80598942026998,13.926863439157083
PROD_0470,watches_gifts,1068.2613749104823,40.323477532582885,21.690980664693264,20.493473603148146
PROD_0471,watches_gifts,471.5072896093661,17.744504119232793,20.262115063995854,15.652917716348378
PROD_0472,auto,850.8892701337138,25.03446113874528,17.280060910545643,13.385463150659305
PROD_0473,sports_leisure,1174.2160802618932,25.119087001660763,8.341776199712584,8.640628688134326
PROD_0474,computers,1473.3335163082425,28.21952602674817,8.360337430032793,17.489748525229587
PROD_0475,bed_bath,1477.3982608626568,21.56421883284399,17.666260106068815,23.968794617086065
PROD_0476,furniture,1538.3072758882627,27.517970444716703,8.272644510335528,15.137384526347983
PROD_0477,auto,877.5698466813352,23.64925931837627,13.87216489465698,37.644960845105786
PROD_0478,health_beauty,1370.2202217507727,12.344379860496806,16.520752230930885,26.199799575569127
PROD_0479,computers,761.9702679447107,25.07641829005477,9.312030023186555,29.130310928623345
PROD_0480,toys,890.1785084929942,16.19547733575879,9.878688328205683,25.56670108451631
PROD_0481,health_beauty,741.1455127498702,11.124913900408792,14.529394677160907,32.97005482457001
PROD_0482,sports_leisure,605.8055727008652,26.09498656551508,17.51825143762027,14.490986115692206
PROD_0483,watches_gifts,1732.1047444290043,28.903066736156532,20.307593852068784,3.0
PROD_0484,sports_leisure,1544.3058504894439,29.21358433683661,18.03526717385276,16.87712074152982
PROD_0485,sports_leisure,1688.332684989065,29.537365656157554,15.368282974960973,23.907530028832763
PROD_0486,computers,1219.6565330121482,9.539287832475116,11.269026232214753,21.06061880223585
PROD_0487,bed_bath,1588.4038494325732,14.111864576740244,9.645465020777404,21.928308276774487
PROD_0488,watches_gifts,319.35529767872754,40.78817149450937,12.445614558354261,29.246370018689106
PROD_0489,furniture,1631.5437590226775,16.62232991938371,17.049677924902834,22.6744030212375
PROD_0490,watches_gifts,1288.559915002515,29.886728249093512,16.683118533136714,25.592390493137152
PROD_0491,health_beauty,1513.5548000745828,19.50449902667323,4.500490071374388,13.423060807030687
PROD_0492,toys,1390.0116495243064,25.637381914140516,11.071614858662485,12.332244175487743
PROD_0493,bed_bath,706.4724227315567,19.933966381811246,21.02253775803078,31.298797461171414
PROD_0494,auto,450.98011230447673,29.492329236957158,15.396075239020696,20.706310746029477
PROD_0495,sports_leisure,843.9729169085183,26.094192938533592,7.91495543448507,15.637395715877055
PROD_0496,auto,1482.458640636456,21.413681810846132,26.779105907990758,15.650238545170172
PROD_0497,bed_bath,1545.0457075876977,16.598623042554316,14.855291338426177,15.456138148532197
PROD_0498,bed_bath,516.0288613090686,27.142193579940088,16.92166979656704,15.037286852679108
PROD_0499,watches_gifts,709.4503162658928,15.29824960765928,16.997623780225673,11.017965381774381
PROD_0500,health_beauty,838.3821570295804,28.41984833696671,13.16202266919907,9.497057184456441
